0,Geography
1,People
2,Geography
3,Economics
4,History
5,History
6,History
7,History
8,History
9,History
10,History
11,Science
12,Science
13,History
14,History
15,History
16,Everyday_life
17,History
18,Geography
19,History
20,Geography
21,History
22,Science
23,History
24,History
25,Technology
26,Technology
27,Geography
28,Geography
29,Geography
30,Geography
31,History
32,Geography
33,Geography
34,History
35,History
36,History
37,Science
38,History
39,Technology
40,Technology
41,Technology
42,Science
43,Science
44,Science
45,Science
46,History
47,Science
48,Science
49,Science
50,Science
51,Science
52,History
53,Technology
54,History
55,History
56,History
57,Science
58,History
59,Science
60,Science
61,History
62,Technology
63,Technology
64,Economics
65,Science
66,Culture
67,Culture
68,Culture
69,Geography
70,Science
71,Geography
72,Science
73,Geography
74,History
75,History
76,Culture
77,Culture
78,Culture
79,People
80,Geography
81,Science
82,Geography
83,Culture
84,Geography
85,Countries
86,History
87,People
88,Everyday_life
89,Science
90,Culture
91,Geography
92,Geography
93,Science
94,Economics
95,Geography
96,Science
97,Science
98,History
99,Science
100,Geography
101,Technology
102,Science
103,Science
104,Culture
105,History
106,People
107,Geography
108,Geography
109,Science
110,People
111,Everyday_life
112,Science
113,Science
114,Countries
115,Geography
116,Culture
117,Science
118,Science
119,Science
120,Geography
121,Science
122,Science
123,Science
124,Citizenship
125,Science
126,Science
127,Science
128,History
129,Culture
130,People
131,Culture
132,Technology
133,Culture
134,Everyday_life
135,Technology
136,Technology
137,Technology
138,Technology
139,Technology
140,Technology
141,People
142,People
143,People
144,History
145,Geography
146,History
147,Citizenship
148,People
149,Geography
150,Science
151,People
152,People
153,Culture
154,Science
155,People
156,Science
157,People
158,Science
159,People
160,People
161,People
162,People
163,People
164,People
165,People
166,People
167,Science
168,Countries
169,History
170,Geography
171,Science
172,Science
173,Culture
174,Everyday_life
175,Culture
176,Culture
177,Science
178,Culture
179,Science
180,Geography
181,Science
182,Science
183,Culture
184,Technology
185,Science
186,Culture
187,Science
188,Science
189,Science
190,Science
191,Geography
192,Geography
193,Geography
194,Geography
195,Science
196,Geography
197,History
198,Culture
199,History
200,Geography
201,Everyday_life
202,Culture
203,Science
204,Geography
205,Geography
206,Science
207,Geography
208,Science
209,Geography
210,Technology
211,Geography
212,Science
213,Culture
214,Culture
215,Citizenship
216,Science
217,History
218,History
219,History
220,History
221,Geography
222,Geography
223,People
224,People
225,People
226,People
227,People
228,People
229,Geography
230,Science
231,People
232,Science
233,Science
234,Science
235,Geography
236,Technology
237,Culture
238,Culture
239,Culture
240,Culture
241,Countries
242,Countries
243,Science
244,Citizenship
245,Citizenship
246,Everyday_life
247,Science
248,Geography
249,Culture
250,People
251,People
252,History
253,History
254,Science
255,Geography
256,Geography
257,Science
258,Geography
259,Science
260,Science
261,People
262,Geography
263,Countries
264,Science
265,Science
266,People
267,People
268,People
269,Geography
270,History
271,Science
272,Science
273,Science
274,Culture
275,Science
276,Science
277,Culture
278,Everyday_life
279,Science
280,Everyday_life
281,Science
282,Citizenship
283,Citizenship
284,Culture
285,Everyday_life
286,Geography
287,Culture
288,Science
289,History
290,Science
291,People
292,People
293,Technology
295,Geography
296,Geography
297,Culture
298,Geography
299,Science
300,Science
301,Science
302,Countries
303,Science
304,Geography
305,People
306,Science
307,People
308,Science
309,Science
310,People
311,Geography
312,People
313,People
314,History
315,Everyday_life
316,Science
317,Culture
318,Science
319,People
320,People
321,Culture
322,Countries
323,Everyday_life
324,Science
325,Geography
326,Everyday_life
327,Science
328,History
329,Science
330,Science
331,Science
332,Everyday_life
333,Science
334,Geography
335,People
336,Culture
337,Culture
338,Geography
339,Everyday_life
340,Geography
341,Technology
342,Geography
343,History
344,Culture
345,Science
346,Culture
347,History
348,People
349,Science
350,People
351,Geography
352,People
353,Culture
354,People
355,People
356,People
357,Geography
358,Culture
359,Science
360,Everyday_life
361,Everyday_life
362,Geography
363,Science
364,Everyday_life
365,Citizenship
366,Technology
367,Technology
368,Technology
369,Geography
370,Geography
371,Geography
372,Science
373,Geography
374,History
375,Technology
376,People
377,People
378,Geography
379,Geography
380,History
381,Economics
382,Technology
383,Everyday_life
384,Everyday_life
385,Economics
386,Technology
387,Science
388,People
389,Science
390,People
391,Science
392,History
393,Everyday_life
394,Science
395,Science
396,Everyday_life
397,Geography
398,Culture
399,Geography
400,Geography
401,Science
402,Geography
403,Geography
404,Geography
405,Everyday_life
406,Science
407,Geography
408,Geography
409,Countries
410,Geography
411,Economics
412,Economics
413,People
414,Geography
415,People
416,Countries
417,People
418,Science
419,Science
420,Geography
421,Science
422,Science
423,Science
424,Science
425,Culture
426,Science
427,People
428,Everyday_life
429,Geography
430,Science
431,Technology
432,Technology
433,Everyday_life
434,Science
435,Science
436,Culture
437,Science
438,Science
439,Geography
440,History
441,Geography
442,Everyday_life
443,History
444,History
445,History
446,History
447,History
448,History
449,History
450,History
451,History
452,History
453,History
454,History
455,History
456,History
457,History
458,History
459,History
460,History
461,History
462,History
464,History
465,History
466,History
467,History
468,History
469,History
470,History
471,History
472,History
473,History
474,Technology
475,Geography
476,Geography
477,Science
478,Science
479,Culture
480,Science
481,Science
482,History
483,Science
484,Technology
485,Everyday_life
486,Technology
487,Everyday_life
488,Science
489,Science
490,Economics
491,History
492,Geography
493,Geography
494,Geography
495,Geography
496,Geography
497,Countries
498,People
499,Geography
500,Countries
501,History
502,Culture
503,People
504,People
505,People
506,Science
507,Culture
508,Science
509,Science
510,Geography
511,History
512,Countries
513,People
514,People
515,Science
516,People
517,Countries
518,Culture
519,Technology
520,Everyday_life
521,Science
522,People
523,People
524,People
525,Science
526,Technology
527,Science
528,Citizenship
529,Science
530,Citizenship
531,Technology
532,Science
533,Geography
534,Science
535,Science
536,Science
537,Science
538,Geography
539,Science
540,Science
541,Science
542,Geography
543,People
544,Geography
545,Science
546,Science
547,History
548,Science
549,Geography
550,Geography
551,Science
552,Science
553,Science
554,Everyday_life
555,Science
556,Science
557,Everyday_life
558,Geography
559,Science
560,Everyday_life
561,People
562,History
563,Science
564,Science
565,Everyday_life
566,Science
567,Science
568,Science
569,Culture
570,Technology
571,Science
572,Everyday_life
573,Technology
574,People
575,People
576,Science
577,Science
578,Everyday_life
579,Technology
580,Geography
581,Geography
582,Culture
583,Science
584,Countries
585,Geography
586,Geography
587,Science
588,Science
589,Science
590,Science
591,Culture
592,Culture
593,Culture
594,Science
595,Science
596,People
597,Science
598,Geography
599,Geography
600,Everyday_life
601,Science
602,Science
603,Countries
604,Science
605,People
606,Geography
607,Geography
608,Science
609,Citizenship
610,People
611,Culture
612,Everyday_life
613,Science
614,Culture
615,Science
616,Everyday_life
617,People
618,Geography
619,Culture
620,Geography
621,Countries
622,Everyday_life
623,People
624,Economics
625,Technology
626,Geography
627,Geography
628,Geography
629,Economics
630,History
631,Culture
632,Citizenship
633,Countries
634,Geography
635,Geography
636,Countries
637,Citizenship
638,People
639,Citizenship
640,Science
641,History
642,People
643,Science
644,People
645,People
646,Countries
647,Culture
648,Geography
649,Technology
650,Geography
651,Technology
652,Geography
653,Technology
654,People
655,Geography
656,People
657,Culture
658,Culture
659,Geography
660,Everyday_life
661,Geography
662,Science
663,Countries
664,Countries
665,Science
666,Science
667,Economics
668,Everyday_life
669,Technology
670,History
671,Technology
672,People
673,Countries
674,People
676,Technology
677,Science
678,Science
679,Science
680,Technology
681,Science
682,Science
683,People
684,Geography
685,Geography
686,Science
687,Science
688,Science
689,Geography
690,Geography
691,Technology
692,Science
693,Culture
694,Science
695,People
696,Everyday_life
697,Science
698,Countries
699,Geography
700,Geography
701,Geography
702,Science
703,Countries
704,Geography
705,Science
706,Citizenship
707,Culture
708,Citizenship
709,Technology
710,Citizenship
711,Everyday_life
712,Technology
713,People
714,Geography
715,Science
716,Science
717,Everyday_life
718,Geography
719,Technology
720,People
721,Science
722,Science
723,Geography
724,Science
725,Science
726,Geography
727,Countries
728,Citizenship
729,Citizenship
730,Culture
731,Everyday_life
732,Geography
733,People
734,People
735,Science
736,Science
737,Geography
738,Science
739,Everyday_life
740,Geography
741,Geography
742,People
743,People
744,People
745,People
746,Geography
747,Science
748,Geography
749,People
750,Science
751,Everyday_life
752,Science
753,Geography
754,Science
755,Science
756,History
757,Science
758,Science
759,People
760,Science
761,Science
762,Technology
763,People
764,Culture
765,Everyday_life
766,Geography
767,Countries
768,Science
769,Science
770,People
771,Science
772,Culture
773,Everyday_life
774,Everyday_life
775,Culture
776,Countries
777,Technology
778,Science
779,Science
780,Science
781,Science
782,Science
783,Countries
784,History
785,Science
786,Geography
787,People
788,People
789,People
790,People
791,People
792,People
793,People
794,People
795,People
796,People
797,Culture
798,History
799,People
800,Everyday_life
801,Everyday_life
802,Science
803,Everyday_life
804,Science
805,Science
806,Science
807,Geography
808,History
809,Everyday_life
810,People
811,Science
812,Geography
813,Geography
814,Geography
815,Geography
816,Geography
817,Everyday_life
818,Technology
819,Everyday_life
820,Science
821,Culture
822,Citizenship
823,Countries
824,Science
825,Countries
826,Culture
827,Geography
828,Science
829,Science
830,Everyday_life
831,History
832,Science
833,Science
834,People
835,People
836,Culture
837,Culture
838,People
839,Geography
840,People
841,People
842,Science
843,Science
844,Science
845,Culture
846,Culture
847,Everyday_life
848,Everyday_life
849,Everyday_life
850,Citizenship
851,Science
852,Geography
853,Geography
854,Citizenship
855,Citizenship
856,Citizenship
857,Everyday_life
858,Culture
859,Culture
860,People
861,People
862,People
863,Geography
864,People
865,People
866,Geography
867,Technology
868,Geography
869,Geography
870,Technology
871,Everyday_life
872,Everyday_life
873,Geography
874,Geography
875,Science
876,Science
877,Science
878,Science
879,Science
880,Everyday_life
881,Science
882,Science
883,Everyday_life
884,Geography
885,Science
886,History
887,Everyday_life
888,Economics
889,History
890,History
891,Geography
892,History
893,People
894,Geography
895,Countries
896,Geography
897,Science
898,Science
899,Geography
900,Technology
901,People
902,Geography
903,History
904,Geography
905,Science
906,Science
907,Science
908,Science
909,Science
910,Science
911,Everyday_life
912,Culture
913,Technology
914,Science
915,Science
916,Science
917,Science
918,Science
919,Science
920,Everyday_life
921,Citizenship
922,Citizenship
923,Citizenship
924,Geography
925,Technology
926,Economics
927,Science
928,Science
929,Technology
930,Everyday_life
931,Technology
932,Technology
933,Geography
934,Technology
935,People
936,Citizenship
937,Culture
938,People
939,Geography
940,Culture
941,People
942,History
943,Citizenship
944,Citizenship
945,Culture
946,Citizenship
947,Technology
948,Geography
949,Geography
950,Technology
951,Citizenship
952,Citizenship
953,Geography
954,Science
955,Citizenship
956,Science
957,Geography
958,Science
959,Science
960,Science
961,History
962,Science
963,Everyday_life
964,Science
965,Citizenship
966,Everyday_life
967,Economics
968,Economics
969,Technology
970,Geography
971,Science
972,Science
973,Countries
974,Culture
975,Geography
976,Geography
977,Science
978,Science
979,Geography
980,Technology
981,Geography
982,Science
983,Technology
984,Geography
985,Geography
986,Culture
987,Culture
988,Citizenship
989,Geography
990,Geography
991,Everyday_life
992,Citizenship
993,Culture
994,Geography
995,History
996,History
997,Geography
998,Science
999,Science
1000,Geography
1001,Science
1002,Citizenship
1003,Culture
1004,Geography
1005,Science
1006,Technology
1007,Science
1008,Countries
1009,Science
1010,Culture
1011,Geography
1012,Science
1013,Citizenship
1014,Citizenship
1015,Everyday_life
1016,Geography
1017,Science
1018,Economics
1019,Science
1020,Culture
1021,History
1022,Science
1023,Geography
1024,People
1025,Science
1026,Geography
1027,History
1028,Geography
1029,Science
1030,Science
1031,Technology
1032,Everyday_life
1033,Citizenship
1034,Geography
1035,Technology
1036,Geography
1037,Technology
1038,Geography
1039,Technology
1040,People
1041,Everyday_life
1042,Science
1043,People
1044,People
1045,Technology
1046,People
1047,Geography
1048,History
1049,History
1050,Geography
1051,Science
1052,Everyday_life
1053,Geography
1054,Economics
1055,Technology
1056,People
1057,People
1058,People
1059,Culture
1060,People
1061,People
1062,People
1063,People
1064,Everyday_life
1065,Culture
1066,Everyday_life
1067,Geography
1068,Geography
1069,Culture
1070,Geography
1071,Geography
1072,Technology
1073,Science
1074,Science
1075,Culture
1076,Geography
1077,Culture
1078,Economics
1079,Citizenship
1080,Citizenship
1081,Geography
1082,People
1083,People
1084,Geography
1085,People
1086,Geography
1087,Geography
1088,Geography
1089,Science
1090,People
1091,Citizenship
1092,Geography
1093,Geography
1094,Science
1095,Geography
1096,Science
1097,Science
1098,People
1099,Everyday_life
1100,Culture
1101,Geography
1102,People
1103,People
1104,Science
1105,Science
1106,Science
1107,Science
1108,Science
1109,Science
1110,Science
1111,Science
1112,Science
1113,Science
1114,Everyday_life
1115,History
1116,Countries
1117,People
1118,Everyday_life
1119,Science
1120,Science
1121,Geography
1122,Science
1123,History
1124,Science
1125,Science
1126,Countries
1127,Countries
1128,People
1129,Everyday_life
1130,People
1131,Everyday_life
1132,Geography
1133,Technology
1134,Culture
1135,People
1136,Science
1137,Geography
1138,Science
1139,People
1140,Culture
1141,Culture
1142,Geography
1143,Everyday_life
1144,Technology
1145,Science
1146,Science
1147,Geography
1148,Culture
1149,People
1150,Culture
1151,Geography
1152,Geography
1153,Science
1154,Geography
1155,Everyday_life
1156,Geography
1157,Science
1158,Culture
1159,Geography
1160,Technology
1161,Everyday_life
1162,Culture
1163,People
1164,Science
1165,People
1166,Citizenship
1167,Technology
1168,Technology
1169,Technology
1170,Science
1171,Citizenship
1172,People
1173,Science
1174,Science
1175,Geography
1176,Geography
1177,Science
1178,Culture
1179,Everyday_life
1180,Geography
1181,Culture
1182,Countries
1183,Countries
1184,Culture
1185,Science
1186,Science
1187,Economics
1188,Economics
1189,Economics
1190,Economics
1191,Economics
1192,Economics
1193,Economics
1194,Countries
1195,Science
1196,People
1197,Science
1198,Geography
1199,Science
1200,People
1201,People
1202,Citizenship
1203,Geography
1204,Citizenship
1205,History
1206,History
1207,People
1208,People
1209,People
1210,People
1211,People
1212,People
1213,People
1214,History
1215,History
1216,People
1217,People
1218,Geography
1219,Geography
1220,History
1221,Everyday_life
1222,Countries
1223,History
1224,People
1225,Science
1226,Geography
1227,People
1228,Geography
1229,Countries
1230,People
1231,Geography
1232,Citizenship
1233,Science
1234,Science
1235,Technology
1236,Science
1237,Science
1238,Science
1239,Science
1240,Technology
1241,Technology
1242,Technology
1243,Science
1244,Science
1245,Science
1246,Science
1247,Science
1248,Science
1249,Science
1250,People
1252,People
1253,People
1254,People
1255,People
1256,Technology
1257,People
1258,Citizenship
1259,Science
1260,Science
1261,Culture
1262,Economics
1263,Science
1264,Science
1265,Culture
1266,Science
1267,Science
1268,Technology
1269,Geography
1270,History
1271,Geography
1272,History
1273,Culture
1274,History
1275,Culture
1276,Technology
1277,Science
1278,Citizenship
1279,Science
1280,Geography
1281,People
1282,Science
1283,Culture
1284,Culture
1285,Citizenship
1286,Countries
1287,Science
1288,People
1289,Geography
1290,Science
1291,Countries
1292,People
1293,People
1294,Geography
1295,History
1296,Geography
1297,Culture
1298,Science
1299,Geography
1300,Science
1301,Culture
1302,Countries
1303,Science
1304,Citizenship
1305,People
1306,Science
1307,Science
1308,Geography
1309,Science
1310,Science
1311,Science
1312,Economics
1313,Geography
1314,Science
1315,Citizenship
1316,Science
1317,Citizenship
1318,Science
1319,Culture
1320,People
1321,Science
1322,Citizenship
1323,Culture
1324,Science
1325,Science
1326,Culture
1327,Science
1328,Science
1329,Science
1330,Science
1331,Science
1332,Geography
1333,Science
1334,People
1335,History
1336,History
1337,Everyday_life
1338,Everyday_life
1339,Citizenship
1340,Geography
1341,Science
1342,Countries
1343,Everyday_life
1344,Geography
1345,Geography
1346,Citizenship
1347,Everyday_life
1348,Science
1349,Science
1350,Science
1351,Everyday_life
1352,Citizenship
1353,Geography
1354,Technology
1355,Geography
1356,People
1357,People
1358,Everyday_life
1359,Everyday_life
1360,Science
1361,People
1362,Geography
1363,Science
1364,Science
1365,Science
1366,Geography
1367,Everyday_life
1368,Technology
1369,Technology
1370,Culture
1371,People
1372,Science
1373,Geography
1374,Everyday_life
1375,Everyday_life
1376,Economics
1377,Culture
1378,Geography
1379,Science
1380,History
1381,Everyday_life
1382,Culture
1383,Culture
1384,History
1385,Technology
1386,Science
1387,Everyday_life
1388,Geography
1389,Geography
1390,Geography
1391,Geography
1392,Geography
1393,Geography
1394,Geography
1395,Science
1396,Geography
1397,Culture
1398,Culture
1399,Culture
1400,Geography
1401,Geography
1402,Technology
1403,People
1404,Geography
1405,Technology
1406,Science
1407,Science
1408,Culture
1409,Everyday_life
1410,Science
1411,Culture
1412,Culture
1413,Everyday_life
1414,Everyday_life
1415,Everyday_life
1416,Science
1417,Science
1418,Science
1419,Everyday_life
1420,Everyday_life
1421,Technology
1422,Technology
1423,Technology
1424,Geography
1425,Science
1426,Geography
1427,History
1428,Science
1429,People
1430,Science
1431,Geography
1432,History
1433,People
1434,People
1435,People
1436,People
1437,People
1438,People
1439,Science
1440,Technology
1441,Culture
1442,Geography
1443,People
1444,People
1445,History
1446,People
1447,People
1448,People
1449,People
1450,People
1451,People
1452,Geography
1453,Countries
1454,Everyday_life
1455,Geography
1456,History
1457,Geography
1458,Culture
1459,Geography
1460,People
1461,Science
1462,Everyday_life
1463,Science
1464,Science
1465,Geography
1466,Technology
1467,Science
1468,Science
1469,Science
1470,People
1471,History
1472,Technology
1473,Technology
1474,Technology
1475,Countries
1476,Geography
1477,Science
1478,Countries
1479,Science
1480,Science
1481,Geography
1482,People
1483,Science
1484,Geography
1485,Everyday_life
1486,Science
1487,Culture
1488,Geography
1489,Science
1490,Geography
1491,Culture
1492,Everyday_life
1493,Everyday_life
1494,Science
1495,Science
1496,Technology
1497,Technology
1498,Technology
1499,Science
1500,Science
1501,People
1502,Geography
1503,Science
1504,Citizenship
1505,Everyday_life
1506,Technology
1507,Science
1508,Science
1509,Geography
1510,People
1511,Geography
1512,Science
1513,Geography
1514,Geography
1515,Geography
1516,Geography
1517,Geography
1518,Science
1519,People
1520,People
1521,People
1522,People
1523,People
1524,People
1525,People
1526,People
1527,People
1528,People
1529,People
1530,People
1531,People
1532,People
1533,Geography
1534,Geography
1535,People
1536,People
1537,Culture
1538,Culture
1539,History
1540,Science
1541,Geography
1542,History
1543,Countries
1544,Culture
1545,Geography
1546,Science
1547,Science
1548,Science
1549,Geography
1550,Science
1551,People
1552,Science
1553,Culture
1554,Technology
1555,Geography
1556,Geography
1557,Geography
1558,Geography
1559,Science
1560,Technology
1561,Culture
1562,Economics
1563,Everyday_life
1564,Science
1565,Science
1566,Science
1567,Science
1568,Citizenship
1569,Geography
1570,Citizenship
1571,Citizenship
1572,Economics
1573,Culture
1574,Science
1575,History
1576,People
1577,Technology
1578,Everyday_life
1579,Geography
1580,Culture
1581,Science
1582,Science
1583,Economics
1584,Science
1585,Geography
1586,Science
1587,Everyday_life
1588,Technology
1589,Science
1590,People
1591,Science
1592,Science
1593,Geography
1594,People
1595,Citizenship
1596,Citizenship
1597,Geography
1598,Geography
1599,Technology
1600,Everyday_life
1601,Everyday_life
1602,Geography
1603,Everyday_life
1604,Culture
1605,Science
1606,Science
1607,Science
1608,Everyday_life
1609,Science
1610,Geography
1611,Science
1612,Citizenship
1613,Science
1614,Science
1615,Science
1616,Science
1617,Geography
1618,Geography
1619,History
1620,Technology
1621,Science
1622,Geography
1623,Geography
1624,Science
1625,Technology
1626,Geography
1627,Science
1628,Science
1629,Culture
1630,Geography
1631,History
1632,Culture
1633,Science
1634,Geography
1635,Geography
1636,People
1637,People
1638,Culture
1639,Countries
1640,Science
1641,Science
1642,People
1643,Countries
1644,Geography
1645,Geography
1646,Countries
1647,Geography
1648,People
1649,Economics
1650,Countries
1651,Countries
1652,Everyday_life
1653,Culture
1654,Geography
1655,Science
1656,Science
1657,Culture
1658,People
1659,People
1660,Countries
1661,Geography
1662,Geography
1663,Culture
1664,People
1665,Science
1666,Science
1667,Science
1668,Science
1669,Economics
1670,Technology
1671,Science
1672,History
1673,History
1674,Science
1675,Science
1676,Countries
1677,Science
1678,Everyday_life
1679,Geography
1680,History
1681,Geography
1682,Geography
1683,People
1684,Geography
1685,History
1686,History
1687,Geography
1688,Everyday_life
1689,Everyday_life
1690,Economics
1691,People
1692,People
1693,Science
1694,Culture
1695,People
1696,Everyday_life
1697,People
1698,Science
1699,People
1700,Science
1701,Science
1702,Everyday_life
1703,Science
1704,Science
1705,Geography
1706,Science
1707,History
1708,Culture
1709,Geography
1710,People
1711,People
1712,Science
1713,Science
1714,Science
1715,History
1716,Citizenship
1717,Science
1718,Geography
1719,Science
1720,People
1721,People
1722,People
1723,People
1724,People
1725,People
1726,People
1727,People
1728,People
1729,People
1730,People
1731,People
1732,People
1733,People
1734,People
1735,People
1736,People
1737,People
1738,People
1739,People
1740,Science
1741,History
1742,People
1743,Everyday_life
1744,People
1745,Science
1746,Science
1747,People
1748,History
1749,History
1750,Science
1751,Science
1752,Science
1753,Culture
1754,Culture
1756,Geography
1757,Culture
1758,Culture
1759,Culture
1760,Culture
1761,People
1762,Science
1763,People
1764,History
1765,History
1766,History
1767,History
1768,Culture
1769,History
1770,Geography
1771,History
1772,History
1773,History
1774,History
1775,History
1776,History
1777,History
1778,History
1779,History
1780,Citizenship
1781,History
1782,History
1783,History
1784,Science
1785,History
1786,Technology
1787,History
1788,People
1789,Geography
1790,Technology
1791,Culture
1792,Science
1793,History
1794,People
1795,Everyday_life
1796,Science
1797,Countries
1798,Everyday_life
1799,Science
1800,Countries
1801,Technology
1802,Everyday_life
1803,People
1804,Geography
1805,Science
1806,Technology
1807,Everyday_life
1808,Science
1809,Science
1810,Citizenship
1811,Economics
1812,Geography
1813,Technology
1814,Culture
1815,Geography
1816,Geography
1817,Science
1818,Science
1819,Science
1820,Geography
1821,People
1822,Science
1824,Citizenship
1825,Citizenship
1826,Culture
1827,Citizenship
1828,Science
1829,Science
1830,People
1831,Geography
1832,History
1833,Geography
1834,Science
1835,Science
1836,Geography
1837,Geography
1838,Geography
1839,Geography
1840,Geography
1841,Geography
1842,Geography
1843,Geography
1844,Geography
1845,Geography
1846,Geography
1848,Geography
1849,Geography
1850,Geography
1851,Geography
1852,Geography
1853,Geography
1854,Geography
1855,Geography
1856,People
1857,Geography
1858,Geography
1859,Science
1860,Science
1861,Science
1862,Geography
1863,Science
1864,Science
1865,Technology
1866,Technology
1867,Technology
1868,Culture
1869,Culture
1870,People
1871,Science
1872,Geography
1873,Everyday_life
1874,Geography
1875,Geography
1876,Geography
1877,Science
1878,People
1879,Culture
1880,Geography
1881,People
1882,Science
1883,People
1884,Culture
1885,People
1886,Technology
1887,History
1888,Culture
1889,History
1890,Economics
1891,Countries
1892,Geography
1893,Science
1894,Technology
1895,Geography
1896,Everyday_life
1897,Citizenship
1898,People
1899,Science
1900,History
1901,Countries
1902,Culture
1903,Science
1904,Science
1905,Geography
1906,History
1907,History
1908,Economics
1909,Science
1910,Economics
1911,Geography
1912,Science
1913,Science
1914,Science
1915,Economics
1916,Science
1917,Citizenship
1918,Citizenship
1919,Science
1920,Citizenship
1921,Citizenship
1922,Technology
1923,Technology
1924,Citizenship
1925,Science
1926,History
1927,History
1928,Citizenship
1929,Science
1930,Economics
1931,Science
1932,Geography
1933,Geography
1934,Geography
1935,Geography
1936,History
1937,Geography
1938,Science
1939,Geography
1940,Geography
1941,Culture
1942,Culture
1943,Geography
1944,Science
1945,History
1946,Culture
1947,Geography
1948,People
1949,People
1950,People
1951,People
1952,People
1953,Geography
1954,History
1955,Culture
1956,Culture
1957,Citizenship
1958,Science
1959,Geography
1960,Geography
1961,Geography
1962,Science
1963,Geography
1964,Geography
1965,Geography
1966,Culture
1967,History
1968,Culture
1969,Geography
1970,People
1971,Science
1972,Science
1973,People
1974,People
1975,People
1976,People
1977,People
1978,Economics
1979,People
1980,Science
1981,Everyday_life
1982,Science
1983,People
1984,History
1985,People
1986,People
1987,Geography
1988,People
1989,Countries
1990,Everyday_life
1991,People
1992,People
1993,People
1994,People
1995,People
1996,People
1997,People
1998,People
1999,People
2000,People
2001,People
2002,People
2003,People
2004,People
2005,Geography
2006,People
2007,Culture
2008,People
2009,Countries
2010,History
2011,Economics
2012,Geography
2013,Everyday_life
2014,Culture
2015,People
2016,Culture
2017,People
2018,Geography
2019,Geography
2020,Geography
2021,People
2022,People
2023,Everyday_life
2024,Technology
2025,Geography
2026,Culture
2027,Science
2028,People
2029,People
2030,People
2031,People
2032,People
2033,People
2034,People
2035,People
2036,People
2037,People
2038,Geography
2039,People
2040,Technology
2041,People
2042,People
2043,People
2044,People
2045,People
2046,History
2047,People
2048,People
2049,People
2050,People
2051,People
2052,Economics
2053,People
2054,People
2055,People
2056,People
2057,People
2058,People
2059,People
2060,People
2061,People
2062,People
2063,People
2064,People
2065,People
2066,Geography
2067,History
2068,People
2069,People
2070,Geography
2071,Geography
2072,People
2073,People
2074,People
2075,Culture
2076,History
2077,People
2078,Culture
2079,Everyday_life
2080,People
2081,Geography
2082,Everyday_life
2083,Everyday_life
2084,Science
2085,Culture
2086,Geography
2087,Citizenship
2088,History
2089,Geography
2090,Science
2091,Science
2092,Science
2093,Geography
2094,Geography
2095,History
2096,People
2097,People
2098,People
2099,Geography
2100,History
2101,Countries
2102,People
2103,Countries
2104,Geography
2105,Science
2106,People
2107,People
2108,Geography
2109,Geography
2110,History
2111,Geography
2112,Geography
2113,Culture
2114,History
2115,Everyday_life
2116,Everyday_life
2117,Geography
2118,Geography
2119,Science
2120,Culture
2121,Culture
2122,Geography
2123,People
2124,Culture
2125,Geography
2126,People
2127,Science
2128,Countries
2129,Geography
2130,Geography
2131,History
2132,Geography
2133,Everyday_life
2134,Science
2135,Science
2136,Citizenship
2137,Geography
2138,Culture
2139,Science
2140,People
2141,Science
2142,Geography
2143,Geography
2144,People
2145,Citizenship
2146,Countries
2147,People
2148,History
2149,Geography
2150,Geography
2151,Culture
2152,Geography
2153,Science
2154,Geography
2155,Geography
2156,Geography
2157,Geography
2158,Geography
2159,Geography
2160,Geography
2161,Geography
2162,Geography
2163,Geography
2164,Geography
2165,Geography
2166,Geography
2167,Geography
2168,Geography
2169,Geography
2170,Geography
2171,Geography
2172,Geography
2173,People
2174,Economics
2175,Geography
2176,Geography
2177,Culture
2178,Science
2179,Countries
2180,People
2181,Geography
2182,Geography
2183,Culture
2184,Culture
2185,Geography
2186,Culture
2187,Geography
2188,People
2189,People
2190,Science
2191,Citizenship
2192,Everyday_life
2193,Science
2194,Citizenship
2195,Culture
2196,Science
2197,Citizenship
2198,Technology
2199,Geography
2200,Geography
2201,Everyday_life
2202,Geography
2203,People
2204,Everyday_life
2205,Science
2206,Science
2207,Science
2208,Science
2209,People
2210,People
2211,People
2212,People
2213,Geography
2214,Countries
2215,Science
2216,History
2217,Geography
2218,Citizenship
2219,Citizenship
2220,Citizenship
2221,Countries
2222,Citizenship
2223,Everyday_life
2224,History
2225,Citizenship
2226,Geography
2227,Countries
2228,Geography
2229,Science
2230,Science
2231,History
2232,Culture
2233,Technology
2234,Geography
2235,Geography
2236,Geography
2237,Geography
2238,Culture
2239,Science
2240,Culture
2241,Everyday_life
2242,People
2243,People
2244,Technology
2245,Science
2246,Science
2247,Science
2248,Geography
2249,Culture
2250,Geography
2251,History
2252,Geography
2253,People
2254,Geography
2255,History
2256,Everyday_life
2257,Geography
2258,Geography
2259,Economics
2260,Geography
2261,Citizenship
2262,Science
2263,Everyday_life
2264,Geography
2265,People
2266,People
2267,Geography
2268,Geography
2269,Citizenship
2270,Everyday_life
2271,Citizenship
2272,Culture
2273,Science
2274,Science
2275,Geography
2276,Culture
2277,Geography
2278,Everyday_life
2279,Technology
2280,Geography
2281,People
2282,Citizenship
2283,Citizenship
2284,Geography
2285,Geography
2286,Culture
2287,Economics
2288,Geography
2289,Geography
2290,Technology
2291,Technology
2292,Geography
2293,Technology
2294,Science
2295,Science
2296,History
2297,Everyday_life
2298,Citizenship
2299,Everyday_life
2300,Geography
2301,Everyday_life
2302,History
2303,People
2304,People
2305,People
2306,People
2307,Geography
2308,Science
2309,Everyday_life
2310,People
2311,People
2312,People
2313,History
2314,Science
2315,Science
2316,Science
2317,Geography
2318,Science
2319,Geography
2320,Geography
2321,Science
2322,People
2324,Geography
2325,Everyday_life
2326,Technology
2327,Technology
2328,Technology
2329,Technology
2330,Geography
2331,Culture
2332,People
2333,Geography
2334,Geography
2335,Technology
2336,Geography
2337,Countries
2338,Culture
2339,Geography
2340,Science
2341,Geography
2342,Everyday_life
2343,Technology
2344,Geography
2345,History
2346,Science
2347,Science
2348,Science
2349,Science
2350,History
2351,People
2352,Everyday_life
2353,People
2354,Science
2355,Science
2356,History
2357,Science
2358,Geography
2359,Countries
2360,Countries
2361,History
2362,History
2363,People
2364,Countries
2365,Countries
2366,Science
2367,Geography
2369,Science
2370,Science
2371,Geography
2372,Everyday_life
2373,Geography
2374,Everyday_life
2375,Geography
2376,Science
2377,Science
2378,History
2379,Science
2380,Geography
2381,History
2382,People
2383,Economics
2384,People
2385,Geography
2386,Geography
2387,People
2388,People
2389,People
2390,People
2391,People
2392,People
2393,Geography
2394,Science
2395,People
2396,Everyday_life
2397,Science
2398,People
2399,People
2400,Technology
2401,People
2402,Economics
2403,Technology
2404,Science
2405,Science
2406,Science
2407,Geography
2408,Geography
2409,History
2410,People
2411,People
2412,People
2413,People
2414,Countries
2415,People
2416,Citizenship
2417,People
2418,People
2419,People
2420,History
2421,Geography
2422,Technology
2423,Everyday_life
2424,Science
2425,Science
2426,Science
2427,Science
2428,History
2429,Science
2430,People
2431,Science
2432,People
2433,Geography
2434,Countries
2435,Countries
2436,History
2437,People
2438,People
2439,Science
2440,History
2441,Culture
2442,Geography
2443,Geography
2444,Culture
2445,Geography
2446,Science
2447,Science
2448,Everyday_life
2449,Culture
2450,Science
2451,History
2452,Science
2453,History
2454,Culture
2455,Culture
2456,Geography
2457,Science
2458,Geography
2459,Geography
2460,Science
2461,Geography
2462,Science
2463,Science
2464,Science
2465,Science
2466,Citizenship
2467,History
2468,Science
2469,Science
2470,Geography
2471,Culture
2472,History
2473,Geography
2474,Science
2475,Science
2476,Geography
2477,Science
2478,Science
2479,Geography
2480,Geography
2481,Science
2482,Geography
2483,Geography
2484,Geography
2485,People
2486,People
2487,People
2488,People
2489,Geography
2490,People
2491,Science
2492,Technology
2493,Technology
2494,Technology
2495,History
2496,Geography
2497,Geography
2498,People
2499,People
2500,Geography
2501,People
2502,Science
2503,Citizenship
2504,History
2505,Everyday_life
2506,Everyday_life
2507,Science
2508,People
2509,Geography
2510,Culture
2511,Geography
2512,History
2513,Technology
2514,Economics
2515,Economics
2516,Science
2517,Geography
2518,Geography
2519,History
2520,Everyday_life
2521,Geography
2522,Science
2523,People
2524,Geography
2525,Geography
2526,Science
2527,Science
2528,Science
2529,Science
2530,History
2531,Culture
2532,Geography
2533,Geography
2534,Geography
2535,Geography
2536,Science
2537,Science
2538,Science
2539,Culture
2540,Geography
2541,Everyday_life
2542,Citizenship
2543,Citizenship
2544,Economics
2545,History
2546,Geography
2547,Science
2548,Science
2549,Science
2550,Everyday_life
2551,Geography
2552,Geography
2553,Geography
2554,Geography
2555,Technology
2556,Countries
2557,Everyday_life
2558,Science
2559,Science
2560,Technology
2561,Geography
2562,Everyday_life
2563,Science
2564,Culture
2565,History
2566,Countries
2567,Science
2568,Everyday_life
2569,Culture
2570,Geography
2571,Culture
2572,Science
2573,People
2574,Science
2575,Geography
2576,Geography
2577,Geography
2578,Geography
2579,Geography
2580,Geography
2581,Geography
2582,Geography
2583,Geography
2584,Geography
2585,Geography
2586,Science
2587,Countries
2588,Technology
2589,Science
2590,People
2591,People
2592,People
2593,People
2594,People
2595,Citizenship
2596,Science
2597,Science
2598,Geography
2599,History
2600,Geography
2601,Geography
2602,Geography
2603,Culture
2604,Culture
2605,Culture
2606,Culture
2607,Culture
2608,Culture
2609,Culture
2610,Culture
2611,Culture
2612,Culture
2613,Culture
2614,Culture
2615,Culture
2616,Culture
2617,Culture
2618,Culture
2619,Culture
2620,Science
2621,Everyday_life
2622,Science
2623,Countries
2624,Science
2625,Science
2626,Science
2627,Culture
2628,Culture
2629,Science
2630,Citizenship
2632,History
2633,Culture
2634,Geography
2635,Science
2636,Culture
2637,Countries
2638,People
2639,History
2640,Technology
2641,Science
2642,Geography
2643,People
2644,Geography
2645,Culture
2646,Culture
2647,Everyday_life
2648,Geography
2649,Citizenship
2650,Citizenship
2651,Geography
2652,Science
2653,Science
2654,Science
2655,Geography
2656,History
2657,Geography
2658,History
2659,History
2660,Everyday_life
2661,Geography
2662,Everyday_life
2663,People
2664,People
2665,People
2666,Science
2667,Culture
2668,Science
2669,Science
2670,Countries
2671,Science
2672,Science
2673,Everyday_life
2674,Geography
2675,Countries
2676,Science
2677,Geography
2678,Geography
2679,Everyday_life
2680,Geography
2681,Geography
2682,Geography
2683,Science
2684,Geography
2685,Geography
2686,Geography
2687,Citizenship
2688,Everyday_life
2689,Geography
2690,Countries
2691,People
2692,People
2693,Science
2694,People
2695,People
2696,Countries
2697,Geography
2698,Countries
2699,Science
2700,People
2701,People
2702,Geography
2703,Culture
2704,Everyday_life
2705,Everyday_life
2706,Everyday_life
2707,Science
2708,Culture
2709,Geography
2710,Science
2711,Science
2712,Science
2713,Geography
2714,Culture
2715,Citizenship
2716,Science
2717,Culture
2718,Geography
2719,Geography
2720,People
2721,History
2722,Culture
2723,Geography
2724,Geography
2725,Geography
2726,Countries
2727,Geography
2728,Geography
2729,Economics
2730,Geography
2731,Geography
2732,Technology
2733,Geography
2734,Geography
2735,Geography
2736,People
2737,Geography
2738,Geography
2739,Culture
2740,Technology
2741,Science
2742,Technology
2743,History
2744,Science
2745,Economics
2746,Science
2747,Science
2748,Everyday_life
2749,Science
2750,Culture
2751,Science
2752,Everyday_life
2753,Geography
2754,Geography
2755,Geography
2756,Culture
2757,History
2758,History
2759,Science
2760,Culture
2761,Economics
2762,Geography
2763,Science
2764,People
2765,Culture
2766,Culture
2767,History
2768,History
2769,Citizenship
2770,Geography
2771,Everyday_life
2772,People
2773,Culture
2774,People
2775,History
2776,Everyday_life
2777,Geography
2778,Science
2779,Culture
2780,Everyday_life
2781,Everyday_life
2782,Technology
2783,Technology
2784,Technology
2785,Science
2786,Technology
2787,Culture
2788,Citizenship
2789,Science
2790,Science
2791,Science
2792,Culture
2793,Science
2794,Science
2795,History
2796,History
2797,History
2798,History
2799,History
2800,Science
2801,Science
2802,Culture
2803,Geography
2804,Science
2805,Geography
2806,Science
2807,Economics
2808,Science
2809,Geography
2810,Science
2811,Culture
2812,Geography
2813,People
2814,Culture
2815,Geography
2816,Science
2817,Science
2818,Science
2819,Science
2820,History
2821,Geography
2822,Science
2823,People
2824,History
2825,Geography
2826,Geography
2827,Technology
2828,Science
2829,Science
2830,Geography
2831,Geography
2832,Science
2833,History
2834,Geography
2835,Citizenship
2836,Geography
2837,Everyday_life
2838,Technology
2839,Science
2840,People
2841,Everyday_life
2842,Science
2843,Geography
2844,Culture
2845,Countries
2846,Technology
2847,Geography
2848,Technology
2849,Geography
2850,Geography
2851,Geography
2852,Culture
2853,Technology
2854,Science
2855,Everyday_life
2856,Geography
2857,History
2858,Countries
2859,Technology
2860,Culture
2861,Everyday_life
2862,Geography
2863,Countries
2864,Geography
2865,Everyday_life
2866,Citizenship
2867,Citizenship
2868,Citizenship
2869,Citizenship
2870,Science
2871,Science
2872,Science
2873,Technology
2874,Geography
2875,Science
2876,People
2877,Geography
2878,People
2879,People
2880,People
2881,People
2882,People
2883,Science
2884,Citizenship
2885,Citizenship
2886,Science
2887,Geography
2888,Science
2889,Everyday_life
2890,Citizenship
2891,People
2892,Geography
2893,Science
2894,Science
2895,People
2896,Science
2897,Geography
2898,Technology
2899,Culture
2900,Countries
2901,Science
2902,Science
2903,People
2904,Science
2905,Science
2906,Technology
2907,Geography
2908,Science
2909,History
2910,Geography
2911,Culture
2912,Geography
2913,Countries
2914,People
2915,Culture
2916,People
2917,People
2918,Culture
2919,Geography
2920,Science
2921,History
2922,Geography
2923,Everyday_life
2924,People
2925,Countries
2926,History
2927,Culture
2928,Culture
2929,Technology
2930,Science
2931,Geography
2932,Technology
2933,Science
2934,Science
2935,Science
2936,Everyday_life
2937,Science
2938,Science
2939,Science
2940,Science
2941,Science
2942,Science
2943,Science
2944,Culture
2945,Geography
2946,Geography
2947,Science
2948,Science
2949,Science
2950,Science
2951,Everyday_life
2952,Science
2953,Science
2954,Geography
2955,Science
2956,Science
2957,Science
2958,Science
2959,Science
2960,Science
2961,Science
2962,Geography
2963,Science
2964,People
2965,Science
2966,Everyday_life
2967,Science
2968,Science
2969,Geography
2970,Science
2971,Science
2972,Science
2973,Science
2974,Geography
2975,Science
2976,Science
2977,Technology
2978,Culture
2979,Culture
2980,History
2981,Everyday_life
2982,Geography
2983,Science
2984,Geography
2985,Citizenship
2986,Citizenship
2987,History
2988,History
2989,History
2990,Citizenship
2991,History
2992,Culture
2993,Citizenship
2994,Citizenship
2995,Citizenship
2996,Science
2997,Citizenship
2998,Citizenship
2999,Science
3000,Science
3001,History
3002,Everyday_life
3003,History
3004,Science
3005,History
3006,Everyday_life
3007,Culture
3008,People
3009,People
3010,People
3011,Everyday_life
3012,Citizenship
3013,History
3014,Culture
3015,Geography
3016,Geography
3017,Geography
3018,Geography
3019,Citizenship
3020,Culture
3021,Geography
3022,Everyday_life
3023,Science
3024,Science
3025,Science
3026,Everyday_life
3027,Everyday_life
3028,Science
3029,Economics
3030,Citizenship
3031,Geography
3032,Geography
3033,Science
3034,Culture
3035,Geography
3036,Citizenship
3037,Geography
3038,Culture
3039,Citizenship
3040,Science
3041,Science
3042,Citizenship
3043,Citizenship
3044,Culture
3045,Science
3047,Citizenship
3048,Science
3049,Technology
3050,Science
3051,Science
3052,Citizenship
3053,Citizenship
3054,Economics
3055,Science
3056,Science
3057,Science
3058,Science
3059,Science
3060,Science
3061,Science
3062,Science
3063,Science
3064,People
3065,Citizenship
3066,Countries
3067,Science
3068,Everyday_life
3069,Science
3070,Science
3071,Geography
3072,People
3073,Technology
3074,Geography
3075,People
3076,Science
3077,Technology
3078,Geography
3079,History
3080,People
3081,History
3082,Science
3083,Science
3084,Technology
3085,Science
3086,Science
3087,Geography
3088,Everyday_life
3089,Culture
3090,Culture
3091,Geography
3092,Culture
3093,Countries
3094,Technology
3095,History
3096,Technology
3097,Technology
3098,Geography
3099,Science
3100,Science
3101,People
3102,Citizenship
3103,Technology
3104,Technology
3105,Science
3106,Science
3107,Science
3108,Science
3109,Science
3110,Culture
3111,Technology
3112,Technology
3113,Technology
3114,Geography
3115,Geography
3116,Citizenship
3117,Technology
3118,History
3119,People
3120,Culture
3121,Culture
3122,History
3123,Geography
3124,Everyday_life
3125,Science
3126,People
3127,Culture
3128,Science
3129,Culture
3130,Everyday_life
3131,Culture
3132,Citizenship
3133,Science
3134,Science
3135,Geography
3136,Science
3137,Science
3138,History
3139,Science
3140,Science
3141,Geography
3142,Science
3143,Economics
3144,Technology
3145,Geography
3146,Culture
3147,Culture
3148,Culture
3149,Culture
3150,People
3151,People
3152,History
3153,Culture
3154,Economics
3155,Science
3156,Science
3157,Countries
3158,Geography
3159,Geography
3160,Geography
3161,Culture
3162,Science
3163,Science
3164,Geography
3165,Citizenship
3166,People
3167,Science
3168,Geography
3169,Geography
3170,Science
3171,Science
3172,Science
3173,Culture
3174,Everyday_life
3175,People
3176,People
3177,Culture
3178,People
3179,People
3180,People
3181,People
3183,People
3184,Culture
3185,Geography
3186,Everyday_life
3187,Science
3188,Science
3189,Economics
3190,Geography
3191,Geography
3192,Geography
3193,Geography
3194,Geography
3195,People
3196,Science
3197,Citizenship
3198,People
3199,People
3200,People
3201,People
3202,History
3203,People
3204,History
3205,Culture
3206,Science
3207,Science
3208,Science
3209,Geography
3210,Geography
3211,Geography
3212,Technology
3213,Science
3214,History
3215,Culture
3216,History
3217,History
3218,History
3219,Culture
3220,History
3221,History
3222,Geography
3223,History
3224,Geography
3225,Culture
3226,People
3227,People
3228,Science
3229,People
3230,Science
3231,Science
3232,History
3233,Geography
3234,People
3235,History
3236,Economics
3237,History
3238,History
3239,Culture
3240,History
3241,Geography
3242,Science
3243,Everyday_life
3244,People
3245,Everyday_life
3246,Everyday_life
3247,History
3248,Economics
3249,Geography
3250,History
3251,History
3252,Culture
3253,Science
3254,People
3255,Science
3256,Countries
3257,History
3258,Geography
3259,Geography
3260,Countries
3261,People
3262,Technology
3263,Technology
3264,Science
3265,Science
3266,Geography
3267,Geography
3268,Countries
3269,Culture
3270,Countries
3271,Geography
3272,Countries
3273,Geography
3274,Countries
3275,Geography
3276,People
3277,Geography
3278,Culture
3279,Science
3280,Geography
3281,Science
3282,People
3283,Science
3284,Geography
3285,People
3286,People
3287,Technology
3288,Technology
3290,Geography
3291,Geography
3292,Geography
3293,Geography
3294,Everyday_life
3295,Science
3296,Technology
3297,Geography
3298,People
3299,Culture
3300,Technology
3301,Everyday_life
3302,Geography
3303,Geography
3304,Geography
3305,Geography
3306,People
3307,History
3308,Science
3309,Science
3310,Geography
3311,Science
3312,Science
3313,Science
3314,Culture
3315,Science
3316,Science
3317,Science
3318,Everyday_life
3319,Technology
3320,Science
3321,Science
3322,Everyday_life
3323,Science
3324,Everyday_life
3325,Geography
3326,History
3327,Culture
3328,Culture
3329,Culture
3330,Geography
3331,Culture
3332,Citizenship
3333,History
3334,Technology
3335,Everyday_life
3336,Culture
3337,Science
3338,Geography
3339,Citizenship
3340,Geography
3341,Science
3342,People
3343,Everyday_life
3344,Geography
3345,Geography
3346,History
3347,History
3348,Culture
3349,Science
3350,Everyday_life
3351,People
3352,Science
3353,Science
3354,Technology
3355,Citizenship
3356,Countries
3357,Culture
3358,Geography
3359,Citizenship
3360,History
3361,Science
3362,Science
3363,Geography
3364,Geography
3365,Everyday_life
3366,Culture
3367,Science
3368,Everyday_life
3369,Science
3370,Geography
3371,Geography
3372,Culture
3373,Science
3374,People
3375,Geography
3376,Science
3377,People
3378,Geography
3379,People
3380,Science
3381,Science
3382,Science
3383,Geography
3384,Technology
3385,Culture
3386,History
3387,Culture
3388,Technology
3389,Everyday_life
3390,Science
3391,Geography
3392,Technology
3393,Culture
3394,Everyday_life
3395,Science
3396,History
3397,History
3398,Countries
3399,People
3400,Culture
3401,Geography
3402,Everyday_life
3403,Science
3404,Geography
3405,Science
3406,People
3407,Everyday_life
3408,Economics
3409,Countries
3410,History
3411,Science
3412,Culture
3413,People
3414,History
3415,History
3416,Culture
3417,Everyday_life
3418,Science
3419,Citizenship
3420,Culture
3421,Everyday_life
3422,Geography
3423,Geography
3424,Science
3425,Citizenship
3426,Geography
3427,Science
3428,Geography
3429,Geography
3430,Geography
3431,Science
3432,Science
3433,Citizenship
3434,Citizenship
3435,Citizenship
3436,Citizenship
3437,History
3438,Citizenship
3439,Citizenship
3440,People
3441,Culture
3442,Science
3443,Science
3444,Science
3445,Geography
3446,Geography
3447,Geography
3448,Geography
3449,Geography
3450,Geography
3451,Geography
3452,Geography
3453,Science
3454,Science
3455,Geography
3456,Countries
3457,Science
3458,Everyday_life
3459,Economics
3460,Science
3461,Science
3462,Culture
3463,Science
3464,Everyday_life
3465,Countries
3466,Geography
3467,Geography
3468,Geography
3469,Countries
3470,Geography
3471,Geography
3472,Geography
3473,Geography
3474,Geography
3475,History
3476,Everyday_life
3477,Everyday_life
3478,History
3479,Science
3480,Science
3481,Science
3482,Science
3483,Science
3484,Science
3485,Science
3486,Science
3487,Science
3488,Science
3489,Geography
3490,History
3491,Culture
3492,History
3493,Culture
3494,Science
3495,Science
3496,Citizenship
3497,Citizenship
3498,Science
3499,Technology
3500,Science
3501,Science
3502,Science
3503,Science
3504,Science
3505,Science
3506,Culture
3507,Everyday_life
3508,Everyday_life
3509,Culture
3510,Science
3511,Science
3512,Science
3513,Technology
3514,Everyday_life
3515,Countries
3516,Citizenship
3517,Technology
3518,Science
3519,Culture
3520,Culture
3521,People
3522,Geography
3523,People
3524,Science
3525,Everyday_life
3526,Everyday_life
3527,Everyday_life
3528,Everyday_life
3529,Everyday_life
3530,Everyday_life
3531,Science
3532,Everyday_life
3533,Science
3534,Culture
3535,Science
3536,History
3537,Technology
3538,Science
3539,People
3540,Science
3541,Science
3542,People
3543,People
3544,People
3545,History
3546,People
3547,Science
3548,Everyday_life
3549,Science
3550,Economics
3551,Technology
3552,Geography
3553,Culture
3554,History
3555,Geography
3556,Geography
3557,Geography
3558,Geography
3559,Science
3560,Science
3561,Science
3562,Culture
3563,Geography
3564,Science
3565,Geography
3566,Geography
3567,Geography
3568,Countries
3569,Everyday_life
3570,Technology
3571,Citizenship
3572,Everyday_life
3573,Science
3574,Science
3575,People
3576,Science
3577,Science
3578,Citizenship
3579,Science
3580,Geography
3581,History
3582,Everyday_life
3583,Geography
3584,Everyday_life
3585,Science
3586,History
3587,People
3588,Science
3589,Science
3590,Geography
3591,Technology
3592,Everyday_life
3593,Everyday_life
3594,Everyday_life
3595,Technology
3596,Everyday_life
3597,Everyday_life
3598,Science
3599,Everyday_life
3600,History
3601,Economics
3602,Economics
3603,Citizenship
3604,Countries
3605,Geography
3606,History
3607,Geography
3608,History
3609,Science
3610,Science
3611,Culture
3612,Countries
3613,Geography
3614,Science
3615,Citizenship
3616,Geography
3617,Geography
3618,People
3619,History
3620,Science
3621,Culture
3622,Geography
3623,History
3624,People
3625,Technology
3626,History
3627,Geography
3628,Countries
3629,Geography
3630,Countries
3631,Geography
3632,Science
3633,Culture
3634,Geography
3635,History
3636,Science
3637,Science
3638,Countries
3639,Culture
3640,Culture
3641,Science
3642,Geography
3643,Science
3644,Science
3645,Science
3646,Technology
3647,Technology
3648,Everyday_life
3649,Science
3650,Culture
3651,Geography
3652,Geography
3653,Technology
3654,Technology
3655,Technology
3656,Technology
3657,Everyday_life
3658,Science
3659,Science
3660,History
3661,Everyday_life
3662,Everyday_life
3663,People
3664,People
3665,Science
3666,Geography
3667,Science
3668,Citizenship
3669,Culture
3670,Countries
3671,Science
3672,Science
3673,Culture
3674,Everyday_life
3675,History
3676,Everyday_life
3677,Countries
3678,Everyday_life
3679,Culture
3680,Culture
3681,History
3682,Geography
3683,Culture
3684,Technology
3685,Culture
3686,Culture
3687,Everyday_life
3688,Culture
3689,Culture
3690,Culture
3691,Everyday_life
3692,Culture
3693,Geography
3694,Countries
3695,Everyday_life
3696,History
3697,Geography
3698,Culture
3699,Culture
3700,History
3701,Culture
3702,Technology
3703,Culture
3704,Everyday_life
3705,Culture
3706,Everyday_life
3707,Culture
3708,Culture
3709,Everyday_life
3710,Culture
3711,Culture
3712,Culture
3713,Science
3714,Culture
3715,Science
3716,Culture
3717,Culture
3718,Everyday_life
3719,Culture
3720,Culture
3721,Culture
3722,Culture
3723,Culture
3724,Everyday_life
3725,Everyday_life
3726,Culture
3727,Culture
3728,Culture
3729,Citizenship
3730,Culture
3731,Everyday_life
3732,Everyday_life
3733,Culture
3734,Culture
3735,Culture
3736,People
3737,Science
3738,Science
3739,Science
3740,Science
3741,Science
3742,History
3743,People
3744,People
3745,People
3746,People
3747,People
3748,People
3749,People
3750,People
3751,People
3752,People
3753,People
3754,Culture
3755,Science
3756,Science
3757,People
3758,Technology
3759,Culture
3760,Science
3761,History
3762,Science
3763,Geography
3764,History
3765,Countries
3766,Geography
3767,Science
3768,People
3769,Science
3770,Geography
3771,Geography
3772,Science
3773,People
3774,People
3775,Geography
3776,Science
3777,Science
3778,Science
3779,Technology
3780,People
3781,Science
3782,Science
3783,Culture
3784,Science
3785,Culture
3786,Science
3787,Science
3788,Everyday_life
3789,Countries
3790,Geography
3791,Geography
3792,Science
3793,Everyday_life
3794,Geography
3795,People
3796,Science
3797,Science
3798,Everyday_life
3799,Science
3800,Geography
3801,Geography
3802,Everyday_life
3803,Everyday_life
3804,Science
3805,Economics
3806,Technology
3807,Technology
3808,Everyday_life
3809,Everyday_life
3810,Citizenship
3811,Geography
3812,Technology
3813,Technology
3814,Science
3815,Technology
3816,Science
3817,Culture
3818,History
3819,Science
3820,Science
3821,Science
3822,History
3823,Geography
3824,Everyday_life
3825,Citizenship
3826,Science
3827,Science
3828,Science
3829,Science
3830,Culture
3831,Countries
3832,Culture
3833,Citizenship
3834,History
3835,Culture
3836,Geography
3837,Everyday_life
3838,History
3839,Science
3840,Technology
3841,Geography
3842,Geography
3843,Geography
3844,Geography
3845,Geography
3846,Geography
3847,Geography
3848,Geography
3849,Geography
3850,Geography
3851,Geography
3852,Geography
3853,Geography
3854,Geography
3855,Geography
3856,Science
3857,Culture
3858,History
3859,Geography
3860,Science
3861,Science
3862,Science
3863,Science
3864,Science
3865,Geography
3866,Countries
3867,People
3868,Geography
3869,Geography
3870,Science
3871,Geography
3872,Culture
3873,Countries
3874,Countries
3875,Science
3876,Geography
3877,Science
3878,Geography
3879,Geography
3880,People
3881,Technology
3882,Geography
3883,Geography
3884,Science
3885,History
3886,Everyday_life
3887,Technology
3888,Geography
3889,Culture
3890,Technology
3891,Countries
3892,Geography
3893,Culture
3894,Geography
3895,Everyday_life
3896,Science
3897,Geography
3898,People
3899,Geography
3900,Technology
3901,Geography
3902,Geography
3903,Everyday_life
3904,Geography
3905,Citizenship
3906,Geography
3907,Citizenship
3908,Citizenship
3909,Citizenship
3910,History
3911,Citizenship
3912,Technology
3913,Citizenship
3914,Geography
3915,Economics
3916,Science
3917,Citizenship
3918,Citizenship
3919,Citizenship
3920,Geography
3921,Geography
3922,Technology
3923,Science
3924,Science
3925,Science
3926,Science
3927,Science
3928,Science
3929,Science
3930,Science
3931,Science
3932,Science
3933,Science
3934,Science
3935,Science
3936,Countries
3937,Culture
3938,Geography
3939,Countries
3940,Geography
3941,Culture
3942,Science
3943,Culture
3944,Science
3945,Geography
3946,Science
3947,Geography
3948,Geography
3949,People
3950,Geography
3951,Science
3952,Science
3953,Science
3954,Countries
3955,Science
3956,Science
3957,Culture
3958,Science
3959,Science
3960,Science
3961,People
3962,Geography
3963,History
3964,People
3965,Citizenship
3966,Geography
3967,Countries
3968,History
3969,History
3970,Culture
3971,People
3972,People
3973,Technology
3974,History
3975,Science
3976,Culture
3977,Science
3978,Science
3979,Science
3980,People
3981,People
3982,People
3983,Economics
3984,Geography
3985,Geography
3986,Science
3987,Geography
3988,Everyday_life
3989,Science
3990,People
3991,Citizenship
3992,Culture
3993,Culture
3994,Culture
3995,Science
3996,People
3997,Everyday_life
3998,Science
3999,Culture
4000,Geography
4001,Geography
4002,Geography
4003,Science
4004,Geography
4005,Science
4006,People
4007,People
4008,People
4009,People
4010,History
4011,Culture
4012,Citizenship
4013,History
4014,History
4015,People
4016,People
4017,History
4018,Geography
4019,Science
4020,Geography
4021,Technology
4022,Science
4023,Citizenship
4024,Technology
4025,Everyday_life
4026,Geography
4027,Science
4028,Everyday_life
4029,Everyday_life
4030,Geography
4031,Culture
4032,Geography
4033,Science
4034,Science
4035,People
4036,History
4037,Science
4038,Geography
4039,Geography
4040,Science
4041,Science
4042,History
4043,Technology
4044,Geography
4045,History
4046,People
4047,Geography
4048,Geography
4049,Culture
4050,Geography
4051,History
4052,Geography
4053,Countries
4054,Technology
4055,Citizenship
4056,Geography
4057,Geography
4058,Science
4059,Science
4060,Science
4061,Everyday_life
4062,Culture
4063,Science
4064,Science
4065,Science
4066,Culture
4067,Geography
4068,Science
4069,Technology
4070,Technology
4071,Technology
4072,Technology
4073,Technology
4074,Technology
4075,Science
4076,Science
4077,People
4078,People
4079,People
4080,People
4081,People
4082,History
4083,People
4084,People
4085,People
4086,People
4087,People
4088,People
4089,People
4090,People
4091,People
4092,People
4093,People
4094,People
4095,People
4096,People
4097,People
4098,People
4099,People
4100,People
4101,People
4102,Geography
4103,Technology
4104,Technology
4105,Technology
4106,Geography
4107,Everyday_life
4108,People
4109,People
4110,Geography
4111,People
4112,Culture
4113,Science
4114,Science
4115,Citizenship
4116,Science
4117,Science
4118,Citizenship
4119,Science
4120,People
4121,Technology
4122,History
4123,Science
4124,Citizenship
4125,Economics
4126,Citizenship
4127,Citizenship
4128,Economics
4129,History
4130,History
4131,Technology
4132,Science
4133,Science
4134,Technology
4135,Everyday_life
4136,People
4137,Culture
4138,Technology
4139,Technology
4140,Science
4141,People
4142,Science
4143,Geography
4144,Geography
4145,Geography
4146,Science
4147,Geography
4148,Science
4149,Geography
4150,Geography
4151,Geography
4152,Everyday_life
4153,Culture
4154,History
4155,Geography
4156,Geography
4157,Culture
4158,Science
4159,Science
4160,History
4161,Science
4162,Geography
4163,Technology
4164,People
4165,Geography
4166,Countries
4167,Science
4168,Science
4169,Culture
4170,People
4171,People
4172,People
4173,Countries
4174,Science
4175,Science
4176,Geography
4177,Culture
4178,Science
4179,People
4180,Culture
4181,Geography
