0,%C3%85land
1,%C3%89douard_Manet
2,%C3%89ire
3,%E2%82%AC2_commemorative_coins
4,10th_century
5,11th_century
6,12th_century
7,13th_century
8,14th_century
9,15th_Marine_Expeditionary_Unit
10,15th_century
11,16_Cygni
12,16_Cygni_Bb
13,16th_century
14,1755_Lisbon_earthquake
15,17th_century
16,1896_Summer_Olympics
17,18th_century
18,1928_Okeechobee_Hurricane
19,1973_oil_crisis
20,1980_eruption_of_Mount_St._Helens
21,19th_century
22,1_Ceres
23,1st_century
24,1st_century_BC
25,2-6-0
26,2-8-0
27,2003_Atlantic_hurricane_season
28,2004_Atlantic_hurricane_season
29,2004_Indian_Ocean_earthquake
30,2005_Atlantic_hurricane_season
31,2005_Hertfordshire_Oil_Storage_Terminal_fire
32,2005_Kashmir_earthquake
33,2005_Sumatra_earthquake
34,20th_century
35,21st_century
36,2nd_century
37,3_Juno
38,3rd_century
39,4-2-0
40,4-4-0
41,4-6-0
42,47_Ursae_Majoris
43,47_Ursae_Majoris_b
44,47_Ursae_Majoris_c
45,4_Vesta
46,4th_century
47,55_Cancri
48,55_Cancri_b
49,55_Cancri_c
50,55_Cancri_d
51,55_Cancri_e
52,5th_century
53,6-2-0
54,6th_century
55,7th_century
56,8th_century
57,90377_Sedna
58,9th_century
59,ABO_blood_group_system
60,AIDS
61,AK-47
62,ALCO_FA
63,ASCII
64,AT%26T
65,ATLAS_experiment
66,A_Christmas_Carol
67,A_Tale_of_a_Tub
68,A_cappella
69,Aachen
70,Aardvark
71,Aarhus
72,Abacus
73,Abadan
74,Abbadid
75,Abbasid
76,Abbey
77,Abbey_Theatre
78,Abbot
79,Abel_Tasman
80,Aberdeen
81,Aberration_of_light
82,Aberystwyth
83,Abhidhamma_Pitaka
84,Abidjan
85,Abkhazia
86,Able_Archer_83
87,Abraham_Lincoln
88,Absinthe
89,Absolute_zero
90,Abstract_art
91,Abu_Dhabi
92,Abuja
93,Acceleration
94,Accountancy
95,Accra
96,Acetic_acid
97,Acetone
98,Achilles
99,Achilles_tendon
100,Acid_rain
101,Acorn_Computers
102,Actinium
103,Action_potential
104,Actor
105,Acts_of_Union_1707
106,Adam_Smith
107,Addis_Ababa
108,Adelaide
109,Adenosine_triphosphate
110,Adolf_Hitler
111,Advertising
112,Aesthetics
113,Afghan_Hound
114,Afghanistan
115,Africa
116,African_American_literature
117,African_Brush-tailed_Porcupine
118,African_Buffalo
119,African_Darter
120,African_Great_Lakes
121,African_Grey_Hornbill
122,African_Grey_Parrot
123,African_Penguin
124,African_Union
125,African_Wild_Dog
126,African_clawed_frog
127,African_dwarf_frog
128,African_slave_trade
129,Afrikaans
130,Agamemnon
131,Age_of_Enlightenment
132,Aggregator
133,Agnosticism
134,Agriculture
135,Airbus
136,Airbus_A380
137,Aircraft
138,Aircraft_carrier
139,Airship
140,Ajax_%28programming%29
141,Akbar
142,Akhenaten
143,Akira_Kurosawa
144,Akkadian_Empire
145,Akrotiri_and_Dhekelia
146,Aksumite_currency
147,Al_Jazeera
148,Alan_Turing
149,Albania
150,Albatross
151,Albert_Einstein
152,Alberto_Santos-Dumont
153,Albigensian_Crusade
154,Albinism
155,Albrecht_D%C3%BCrer
156,Alchemy
157,Alcibiades
158,Alcohol
159,Aleksandr_Pushkin
160,Aleksandr_Vasilevsky
161,Alexander_Graham_Bell
162,Alexander_Hamilton
163,Alexander_the_Great
164,Alfred_Hitchcock
165,Alfred_Nobel
166,Alfred_the_Great
167,Algebra
168,Algeria
169,Algerian_Civil_War
170,Algiers
171,Algol
172,Algorithm
173,Alice%27s_Adventures_in_Wonderland
174,All_Blacks
175,Allah
176,Allegory_in_the_Middle_Ages
177,Alligator
178,Alliterative_verse
179,Allosaurus
180,Almaty
181,Almond
182,Alpaca
183,Alphabet
184,Alternating_current
185,Alternation_of_generations
186,Alternative_rock
187,Aluminium
188,Aluminium_chloride
189,Alzheimer%27s_disease
190,Amaranth_oil
191,Amarillo%2C_Texas
192,Amazon_Basin
193,Amazon_Rainforest
194,Amazon_River
195,Amazon_parrot
196,Amber
197,American_Civil_War
198,American_English
199,American_Revolutionary_War
200,American_Samoa
201,American_football
202,American_popular_music
203,Americium
204,Amish
205,Ammolite
206,Ammonia
207,Ammonite
208,Ammosaurus
209,Amsterdam
210,Amtrak
211,Amur
212,Anaconda
213,Analytical_Marxism
214,Anarchism
215,Anarcho-capitalism
216,Anatomy
217,Ancient_Egypt
218,Ancient_Greece
219,Ancient_Rome
220,Ancient_history
221,Andes
222,Andorra
223,Andr%C3%A9s_Nocioni
224,Andrew_Carnegie
225,Andrew_Dickson_White
226,Andrew_Jackson
227,Andrew_Johnson
228,Andrew_Robinson
229,Andriyivskyy_Descent
230,Andromeda_Galaxy
231,Andy_Warhol
232,Anemia
233,Angel_shark
234,Angelica
235,Angkor
236,Angkor_Wat
237,Anglican_Church_of_Australia
238,Anglican_Communion
239,Anglicanism
240,Anglo-Saxon_literature
241,Angola
242,Anguilla
243,Animal
244,Animal_law
245,Animal_rights
246,Animation
247,Ankylosaurus
248,Ann_Arbor%2C_Michigan
249,Anna_Karenina
250,Anne_Frank
251,Anne_of_Great_Britain
252,Anno_Domini
253,Anschluss
254,Ant
255,Antananarivo
256,Antarctic_Treaty_System
257,Antarctic_krill
258,Antarctica
259,Anteater
260,Antelope
261,Anthony_van_Dyck
262,Anthropology
263,Antigua_and_Barbuda
264,Antimony
265,Antlion
266,Antoine_Lavoisier
267,Anton%C3%ADn_Dvo%C5%99%C3%A1k
268,Antonio_Vivaldi
269,Antwerp
270,Apaochi
271,Apatosaurus
272,Ape
273,Aphid
274,Apollo
275,Apollo_11
276,Apollo_8
277,Apostolic_Succession
278,Apple
279,Applied_mathematics
280,Apricot
281,Aquarium
282,Arab-Israeli_conflict
283,Arab_League
284,Arabic_language
285,Arable_land
286,Aral_Sea
287,Arcadia_%28play%29
288,Archaeoastronomy
289,Archaeology
290,Archaeopteryx
291,Archbishop_of_Canterbury
292,Archimedes
293,Architecture
294,Architecture_of_Windows_NT
295,Arctic
296,Arctic_Circle
297,Arctic_Monkeys
298,Arctic_Ocean
299,Arctic_Tern
300,Arecaceae
301,Argan
302,Argentina
303,Argon
304,Argyle_diamond_mine
305,Ariel_Sharon
306,Aristarchus_%28crater%29
307,Aristotle
308,Arithmetic
309,Armadillo
310,Armand_Jean_du_Plessis%2C_Cardinal_Richelieu
311,Armenia
312,Armia_Krajowa
313,Arnold_Schwarzenegger
314,Ars_moriendi
315,Arsenal_F.C.
316,Arsenic
317,Art
318,Arthropod
319,Arthur_Sullivan
320,Arthur_Wellesley%2C_1st_Duke_of_Wellington
321,Arts_and_crafts
322,Aruba
323,Arugula
324,Ascariasis
325,Asia
326,Asparagus
327,Asperger_syndrome
328,Assyria
329,Astatine
330,Asteroid
331,Asthma
332,Astrology
333,Astronomy
334,Asunci%C3%B3n
335,Athanasius_Kircher
336,Atheism
337,Athena
338,Athens
339,Athletics_%28track_and_field%29
340,Atlanta%2C_Georgia
341,Atlantic_Coast_Line_Railroad
342,Atlantic_Ocean
343,Atlantic_slave_trade
344,Atlantis
345,Atom
346,Atonality
347,Attack_on_Pearl_Harbor
348,Attalus_I
349,Attention-deficit_hyperactivity_disorder
350,Attila_the_Hun
351,Auckland
352,Augusta%2C_Lady_Gregory
353,Augustan_literature
354,Auguste_Rodin
355,Augustine_of_Hippo
356,Augustus
357,Australia
358,Australian_English
359,Australian_Green_Tree_Frog
360,Australian_Open
361,Australian_rules_football
362,Austria
363,Autism
364,Auto_racing
365,Autocracy
366,Automated_teller_machine
367,Automobile
368,Autorack
369,Autumn
370,Avacha_Volcano
371,Avalanche
372,Avocado
373,Avon_Gorge
374,Avro_Lancaster
375,Axe
376,Ayaan_Hirsi_Ali
377,Aymer_de_Valence%2C_2nd_Earl_of_Pembroke
378,Azerbaijan
379,Azerbaijani_people
380,Aztec
381,BAE_Systems
382,BASIC
383,BBC
384,BBC_television_drama
385,BP
386,BT_Tower
387,B_vitamins
388,Babe_Ruth
389,Baboon
390,Babur
391,Baby_Gender_Mentor
392,Babylonia
393,Backgammon
394,Bacteria
395,Badger
396,Badminton
397,Baghdad
398,Bah%C3%A1%27%C3%AD_Faith
399,Bahrain
400,Baker_Island
401,Bald_Eagle
402,Baltic_Sea
403,Baltimore%2C_Maryland
404,Bamako
405,Banana
406,Bandicoot
407,Bangalore
408,Bangkok
409,Bangladesh
410,Banjul
411,Bank_of_China_%28Hong_Kong%29
412,Banknote
413,Banksy
414,Bantu
415,Barack_Obama
416,Barbados
417,Barbara_McClintock
418,Barbary_Lion
419,Barbary_Macaque
420,Barcelona
421,Barium
422,Barley
423,Barn_Owl
424,Barnacle
425,Baroque
426,Barracuda
427,Baruch_Spinoza
428,Baseball
429,Basel
430,Basil
431,Basilica_of_San_Francesco_d%27Assisi
432,Basilica_of_Santa_Maria_degli_Angeli
433,Basketball
434,Basking_shark
435,Bass_%28fish%29
436,Bassoon
437,Bat
438,Bat-eared_Fox
439,Bath%2C_Somerset
440,Bath_School_disaster
441,Batholith
442,Batman
443,Battle_of_Alesia
444,Battle_of_Amiens
445,Battle_of_Austerlitz
446,Battle_of_Badr
447,Battle_of_Bicocca
448,Battle_of_Britain
449,Battle_of_Cannae
450,Battle_of_France
451,Battle_of_Gettysburg
452,Battle_of_Grunwald
453,Battle_of_Hastings
454,Battle_of_Jutland
455,Battle_of_Lechaeum
456,Battle_of_Leyte_Gulf
457,Battle_of_Marathon
458,Battle_of_Midway
459,Battle_of_Moscow
460,Battle_of_Normandy
461,Battle_of_Rennell_Island
462,Battle_of_Sitka
463,Battle_of_Smolensk_%281943%29
464,Battle_of_Stalingrad
465,Battle_of_Tours
466,Battle_of_Vaslui
467,Battle_of_Warsaw_%281920%29
468,Battle_of_the_Bulge
469,Battle_of_the_Eastern_Solomons
470,Battle_of_the_Little_Bighorn
471,Battle_of_the_Santa_Cruz_Islands
472,Battle_of_the_Somme_%281916%29
473,Battles_of_the_Mexican-American_War
474,Bay_Area_Rapid_Transit
475,Bay_of_Bengal
476,Beach
477,Bean
478,Bear
479,Beatles_for_Sale
480,Beaver
481,Bedbug
482,Bede
483,Bee
484,Beeching_Axe
485,Beekeeping
486,Beep_%28SWBLW%29
487,Beer
488,Beet
489,Beetle
490,Behavioral_finance
491,Behistun_Inscription
492,Beijing
493,Beirut
494,Belarus
495,Belfast
496,Belgium
497,Belize
498,Ben_Jonson
499,Ben_Nevis
500,Benin
501,Benito_Mussolini
502,Benjamin_Britten
503,Benjamin_Disraeli%2C_1st_Earl_of_Beaconsfield
504,Benjamin_Franklin
505,Benjamin_Harrison
506,Benzene
507,Berber_languages
508,Beriberi
509,Berkelium
510,Berlin
511,Berlin_Wall
512,Bermuda
513,Bernard_Hinault
514,Bertrand_Russell
515,Beryllium
516,Bette_Davis
517,Bhutan
518,Bible
519,Bicycle
520,Bicycle_Thieves
521,Big_Bang
522,Bill_Clinton
523,Bill_Gates
524,Billie_Holiday
525,Binary_star
526,Binoculars
527,Binomial_nomenclature
528,Biodiesel
529,Biodiversity
530,Biofuel
531,Bioinformatics
532,Biology
533,Biosphere
534,Biotechnology
535,Bird
536,Bird_migration
537,Bird_of_prey
538,Birmingham
539,Birth_control
540,Bismuth
541,Bison
542,Bissau
543,Bj%C3%B6rn_Borg
544,Bj%C3%B8rn%C3%B8ya
545,Black-backed_Jackal
546,Black-winged_Stilt
547,Black_Death
548,Black_Rhinoceros
549,Black_Sea
550,Black_Seminoles
551,Black_Wildebeest
552,Black_hole
553,Black_panther
554,Black_pepper
555,Blackbird
556,Blackcap
557,Blackjack
558,Blackpool
559,Blacktip_reef_shark
560,Blade_Runner
561,Blaise_Pascal
562,Blitzkrieg
563,Blood_type
564,Blue_Jay
565,Blue_Peter
566,Blue_Whale
567,Blue_Wildebeest
568,Blue_shark
569,Bluegrass_music
570,Bluetooth
571,Boa
572,Board_game
573,Boat
574,Bob_Dylan
575,Bob_Marley
576,Bobcat
577,Body_mass_index
578,Bodyline
579,Boeing_747
580,Bog
581,Bogot%C3%A1
582,Bohemian_Rhapsody
583,Bohrium
584,Bolivia
585,Bologna
586,Boltysh_crater
587,Bongo_%28antelope%29
588,Bonobo
589,Bontebok
590,Booby
591,Book
592,Book_of_Common_Prayer
593,Book_of_Kells
594,Boolean_logic
595,Borage
596,Boris_Becker
597,Boron
598,Bosnia_and_Herzegovina
599,Boston%2C_Massachusetts
600,Boston_RFC
601,Boston_Terrier
602,Botany
603,Botswana
604,Bottlenose_Dolphin
605,Boudica
606,Boundary_Waters_Canoe_Area_Wilderness
607,Bouvet_Island
608,Box_jellyfish
609,Boy_Scout
610,Boyle_Roche
611,Brabantian
612,Brabham
613,Brachiosaurus
614,Brahman
615,Brain
616,Bran
617,Brandon_Routh
618,Bras%C3%ADlia
619,Brass_instrument
620,Bratislava
621,Brazil
622,Bread
623,Breaker_Morant
624,Bretton_Woods_system
625,Bridge
626,Brighton
627,Brisbane
628,Bristol
629,British_East_India_Company
630,British_Empire
631,British_English
632,British_House_of_Commons
633,British_Indian_Ocean_Territory
634,British_Isles
635,British_Isles_%28terminology%29
636,British_Virgin_Islands
637,British_monarchy
638,Britney_Spears
639,Broadcasting
640,Bromine
641,Bronze_Age
642,Brothers_Grimm
643,Brown_trout
644,Bruce_Lee
645,Bruce_Springsteen
646,Brunei
647,Brush
648,Brussels
649,Brute_force_attack
650,Bryce_Canyon_National_Park
651,Btrieve
652,Bucharest
653,Buckingham_Palace
654,Buckminster_Fuller
655,Budapest
656,Buddha
657,Buddhism
658,Buddhist_art
659,Buenos_Aires
660,Buffy_the_Vampire_Slayer
661,Bulgaria
662,Bull_shark
663,Burkina_Faso
664,Burundi
665,Bushbuck
666,Bushpig
667,Business
668,Butter
669,Button
670,Byzantine_Empire
671,C%2B%2B
672,C%C3%A6dmon
673,C%C3%B4te_d%27Ivoire
674,C._S._Lewis
675,CF7
676,CPU_cache
677,CS_gas
678,Cactus
679,Cadmium
680,Caesar_cipher
681,Caesium
682,Caesium_fluoride
683,Cai_Lun
684,Cairo
685,Calcite
686,Calcium
687,Calcium_chloride
688,Calculus
689,Calgary
690,California
691,California_Southern_Railroad
692,Californium
693,Calligraphy
694,Caloris_Basin
695,Calvin_Coolidge
696,Calvin_and_Hobbes
697,Camarasaurus
698,Cambodia
699,Cambrian
700,Cambrian_explosion
701,Cambridge
702,Camel
703,Cameroon
704,Canada
705,Canada_Goose
706,Canadian_Charter_of_Rights_and_Freedoms
707,Canadian_English
708,Canadian_House_of_Commons
709,Canadian_Pacific_Railway
710,Canadian_Senate
711,Canadian_football
712,Canal
713,Canaletto
714,Canberra
715,Cancer
716,Cane_Toad
717,Canola
718,Canterbury
719,Canterbury_Cathedral
720,Canute_the_Great
721,Capacitance
722,Cape_Canaveral
723,Cape_Horn
724,Cape_Lion
725,Cape_Porcupine
726,Cape_Town
727,Cape_Verde
728,Capital
729,Capitalism
730,Capitoline_Triad
731,Captain_Marvel_%28DC_Comics%29
732,Caracas
733,Caratacus
734,Caravaggio
735,Carbon
736,Carbon_dioxide
737,Carboniferous
738,Carcinus_maenas
739,Card_game
740,Cardiff
741,Caribbean_Sea
742,Carl_Friedrich_Gauss
743,Carl_Jung
744,Carl_Lewis
745,Carl_Sagan
746,Carlsbad_Caverns_National_Park
747,Carnivore
748,Caroline_Island
749,Carolus_Linnaeus
750,Carrot
751,Casablanca_%28film%29
752,Casimir_effect
753,Caspian_Sea
754,Cassini-Huygens
755,Cassowary
756,Castra
757,Cat
758,Cat%27s_Eye_Nebula
759,Cat_Stevens
760,Cataract
761,Cataract_surgery
762,Cathedral_of_Magdeburg
763,Catherine_II_of_Russia
764,Catholic_social_teaching
765,Cattle
766,Cave
767,Cayman_Islands
768,Celeriac
769,Celery
770,Celine_Dion
771,Cell_%28biology%29
772,Cello
773,Celtic_F.C.
774,Celtic_Park
775,Celtic_mythology
776,Central_African_Republic
777,Central_processing_unit
778,Ceratopsidae
779,Cereal
780,Cerebellum
781,Ceres_%28dwarf_planet%29
782,Cerium
783,Chad
784,Chadian-Sudanese_conflict
785,Chaffinch
786,Channel_Islands
787,Charlemagne
788,Charles_Babbage
789,Charles_Darwin
790,Charles_Dickens
791,Charles_Etienne_Brasseur_de_Bourbourg
792,Charles_II_of_England
793,Charles_I_of_England
794,Charles_Sumner
795,Charles_V%2C_Holy_Roman_Emperor
796,Charlie_Chaplin
797,Charlotte%27s_Web
798,Chartism
799,Che_Guevara
800,Cheers
801,Cheese
802,Cheetah
803,Chelsea_F.C.
804,Chemical_element
805,Chemical_synapse
806,Chemistry
807,Chennai
808,Chernobyl_disaster
809,Chess
810,Chester_A._Arthur
811,Chestnut
812,Chew_Magna
813,Chew_Stoke
814,Chew_Valley
815,Chew_Valley_Lake
816,Chicago
817,Chicago_Bears
818,Chicago_and_North_Western_Railway
819,Chicken
820,Child
821,Children%27s_Crusade
822,Children%27s_rights_movement
823,Chile
824,Chimpanzee
825,China
826,Chinese_language
827,Chinyingi
828,Chives
829,Chlorine
830,Chocolate
831,Chola_dynasty
832,Cholera
833,Chordate
834,Chris_Evert
835,Christian_Bale
836,Christian_monasticism
837,Christianity
838,Christina_Aguilera
839,Christmas_Island
840,Christopher_Columbus
841,Christopher_Wren
842,Chromatic_aberration
843,Chromatophore
844,Chromium
845,Church_of_England
846,Church_of_Ireland
847,Cider
848,Cinema_of_the_United_States
849,Citizen_Kane
850,Citizenship
851,Citrus
852,City
853,City_status_in_the_United_Kingdom
854,Civil_rights
855,Civil_society
856,Civilization
857,Civilization_%28computer_game%29
858,Clarinet
859,Classic_female_blues
860,Claude_L%C3%A9vi-Strauss
861,Claude_Monet
862,Claudius
863,Clay
864,Cleopatra_VII
865,Cleopatra_VII_of_Egypt
866,Cleveland%2C_Ohio
867,Clifton_Suspension_Bridge
868,Climate
869,Climate_change
870,Clock
871,Clone_Wars_%28Star_Wars%29
872,Clothing
873,Cloud
874,Coal
875,Coal_Tit
876,Cobalt
877,Coccinellidae
878,Cochineal
879,Cockatiel
880,Cocoa
881,Coconut
882,Coconut_crab
883,Coconut_oil
884,Cocos_%28Keeling%29_Islands
885,Cod
886,Code_of_Hammurabi
887,Coffee
888,Coin
889,Cold_War
890,Colditz_Castle
891,Colima_%28volcano%29
892,Collapse_of_the_World_Trade_Center
893,Colley_Cibber
894,Cologne
895,Colombia
896,Colombo
897,Color
898,Color_blindness
899,Colorado_River
900,Colossus_of_Rhodes
901,Columba
902,Columbia_River
903,Columbine_High_School_massacre
904,Columbus%2C_Ohio
905,Comet
906,Comet_Hale-Bopp
907,Comet_Halley
908,Comet_Hyakutake
909,Comet_Shoemaker-Levy_9
910,Comet_White-Ortiz-Bolelli
911,Comics
912,Comma_Johanneum
913,Commodore_64
914,Common_Cuckoo
915,Common_Eland
916,Common_Hazel
917,Common_Tern
918,Common_cold
919,Common_sage
920,Commonwealth_Games
921,Communication
922,Communism
923,Community
924,Comoros
925,Compact_Disc
926,Company_%28law%29
927,Compsognathus
928,Computational_chemistry
929,Computer
930,Computer_and_video_games
931,Computer_programming
932,Computer_science
933,Conakry
934,Concorde
935,Condoleezza_Rice
936,Conflict
937,Confucianism
938,Confucius
939,Congo_River
940,Consolation_of_Philosophy
941,Constantine_I
942,Constantine_II_of_Scotland
943,Constitution_of_May_3%2C_1791
944,Constitutional_monarchy
945,Constructivism_%28art%29
946,Consumer_protection
947,Contact_lens
948,Continent
949,Continental_crust
950,Control_car_%28rail%29
951,Convention_on_the_International_Trade_in_Endangered_Species_of_Wild_Flora_and_Fauna
952,Convention_on_the_Rights_of_the_Child
953,Cook_Islands
954,Cookiecutter_shark
955,Cooperative
956,Coot
957,Copenhagen
958,Copper
959,Copper%28I%29_chloride
960,Coriander
961,Corinthian_War
962,Cormorant
963,Corn_oil
964,Cornea
965,Cornell_University
966,Coronation_Street
967,Corporate_finance
968,Corporation
969,Corrosion
970,Corundum
971,Cosmic_inflation
972,Cosmic_microwave_background_radiation
973,Costa_Rica
974,Costume_design
975,Cotopaxi
976,Cotswolds
977,Cotton
978,Coulomb%27s_law
979,Country
980,Coupling_%28railway%29
981,Coventry
982,Crab_Nebula
983,Crash_test_dummy
984,Craters_of_the_Moon_National_Monument_and_Preserve
985,Craton
986,Creation-evolution_controversy
987,Creationism
988,Creative_Commons
989,Cretaceous
990,Cretaceous-Tertiary_extinction_event
991,Cricket
992,Crime
993,Crime_and_Punishment
994,Crimean_Karaites
995,Crimean_War
996,Cristero_War
997,Croatia
998,Crocodile
999,Crohn%27s_disease
1000,Cross_Fell
1001,Crow
1002,Crown_Jewels_of_the_United_Kingdom
1003,Crusades
1004,Crust_%28geology%29
1005,Crustacean
1006,Cryptography
1007,Crystal
1008,Cuba
1009,Cubeb
1010,Cubism
1011,Cuckmere_Haven
1012,Cultivar
1013,Cultural_diversity
1014,Cultural_identity
1015,Culture
1016,Culture_of_the_Democratic_Republic_of_the_Congo
1017,Curium
1018,Currency
1019,Cyanocobalamin
1020,Cyberpunk
1021,Cyclops
1022,Cymbopogon
1023,Cyprus
1024,Cyrus_the_Great
1025,Cystic_fibrosis
1026,Czech_Republic
1027,D%C3%A1l_Riata
1028,D%C3%BCsseldorf
1029,DNA
1030,DNA_repair
1031,DVD
1032,Dad%27s_Army
1033,Dada
1034,Dakar
1035,Dakota%2C_Minnesota_and_Eastern_Railroad
1036,Dallas%2C_Texas
1037,Dam
1038,Damascus
1039,Damascus_steel
1040,Damon_Hill
1041,Dance
1042,Dandelion
1043,Daniel_Day-Lewis
1044,Daniel_Ellsberg
1045,Danske_Statsbaner
1046,Dante_Alighieri
1047,Danube
1048,Darfur_conflict
1049,Dark_Ages
1050,Darling_River
1051,Darmstadtium
1052,Darth_Vader
1053,Dartmoor
1054,Das_Kapital
1055,Data_Encryption_Standard
1056,David_Attenborough
1057,David_Beckham
1058,David_Cameron
1059,David_Copperfield_%28novel%29
1060,David_Heymann
1061,David_Hilbert
1062,David_Hume
1063,David_Livingstone
1064,Davis_Cup
1065,Davy_Jones%27_Locker
1066,Day
1067,Dayuan
1068,Dead_Sea
1069,Dead_Sea_scrolls
1070,Death_Valley_National_Park
1071,Decade_Volcanoes
1072,Deconstructivism
1073,Definition_of_planet
1074,Deinonychus
1075,Deity
1076,Delhi
1077,Deluge_%28mythology%29
1078,Demand_Note
1079,Democracy
1080,Democratic_Action_Party
1081,Democratic_Republic_of_the_Congo
1082,Demosthenes
1083,Denis_Law
1084,Denmark
1085,Dennis_Ritchie
1086,Denver%2C_Colorado
1087,Derby
1088,Desert
1089,Desert_locust
1090,Desmond_Tutu
1091,Despotism
1092,Detroit%2C_Michigan
1093,Devonian
1094,Diabetes_mellitus
1095,Diamond
1096,Diamond_cut
1097,Diamond_simulant
1098,Diane_Keaton
1099,Dice
1100,Dido_and_Aeneas
1101,Diego_Garcia
1102,Diego_Maradona
1103,Diego_Vel%C3%A1zquez
1104,Differential_equation
1105,Differential_geometry_and_topology
1106,Diffuse_interstellar_band
1107,Dik-dik
1108,Dill
1109,Dilophosaurus
1110,Dimetrodon
1111,Dingo
1112,Dinosaur
1113,Diplodocus
1114,Distilled_beverage
1115,Dixie_Mission
1116,Djibouti
1117,Dmitri_Mendeleev
1118,Doctor_Who
1119,Dodo
1120,Dog
1121,Doha
1122,Dolphin
1123,Domesday_Book
1124,Domestic_goat
1125,Domesticated_turkey
1126,Dominica
1127,Dominican_Republic
1128,Donald_Bradman
1129,Donald_Duck
1130,Donald_Knuth
1131,Doom
1132,Dorset
1133,Double-decker_bus
1134,Double_bass
1135,Douglas_Adams
1136,Dove
1137,Dover
1138,Down_syndrome
1139,Dr._Seuss
1140,Drama
1141,Drawing
1142,Dresden
1143,Drinking_water
1144,Driving_on_the_left_or_right
1145,Drosera_anglica
1146,Drosophila_melanogaster
1147,Drought
1148,Drum_and_bass
1149,Du_Fu
1150,Dualism_%28philosophy_of_mind%29
1151,Dubai
1152,Dublin
1153,Dubnium
1154,Dundee
1155,Dundee_United_F.C.
1156,Dune
1157,Dunnock
1158,Duran_Duran
1159,Durham
1160,Durham_Cathedral
1161,Durian
1162,Dutch_language
1163,Dwight_D._Eisenhower
1164,Dysprosium
1165,E._E._Cummings
1166,ECHELON
1167,EMD_BL2
1168,EMD_F7
1169,EMD_GP30
1170,Eagle
1171,Eagle_Scout_%28Boy_Scouts_of_America%29
1172,Earl_of_Shaftesbury
1173,Earless_seal
1174,Earth
1175,Earth%27s_atmosphere
1176,Earthquake
1177,Earwax
1178,East-West_Schism
1179,EastEnders
1180,East_Africa
1181,East_Flemish
1182,East_Timor
1183,Easter_Island
1184,Eastern_Orthodox_Church
1185,Ebony
1186,Ecology
1187,Economic_inequality
1188,Economics
1189,Economy_of_Africa
1190,Economy_of_India
1191,Economy_of_Pakistan
1192,Economy_of_the_Iroquois
1193,Economy_of_the_Republic_of_Ireland
1194,Ecuador
1195,Edema
1196,Edgar_Allan_Poe
1197,Edible_salt
1198,Edinburgh
1199,Edmond_Halley
1200,Edmund_Burke
1201,Edmund_Hillary
1202,Education
1203,Education_in_the_United_States
1204,Educational_psychology
1205,Edward_Gibbon
1206,Edward_III_of_England
1207,Edward_II_of_England
1208,Edward_IV_of_England
1209,Edward_I_of_England
1210,Edward_Jenner
1211,Edward_Teller
1212,Edward_VIII_of_the_United_Kingdom
1213,Edward_VII_of_the_United_Kingdom
1214,Edward_VI_of_England
1215,Edward_V_of_England
1216,Edward_the_Confessor
1217,Edwin_of_Northumbria
1218,Effect_of_Hurricane_Katrina_on_New_Orleans
1219,Effects_of_global_warming
1220,Effects_of_nuclear_explosions
1221,Egg_%28food%29
1222,Egypt
1223,Egyptian_pyramids
1224,Eilmer_of_Malmesbury
1225,Einsteinium
1226,El_Aai%C3%BAn
1227,El_Lissitzky
1228,El_Ni%C3%B1o-Southern_Oscillation
1229,El_Salvador
1230,Elagabalus
1231,Eldfell
1232,Election
1233,Electric_charge
1234,Electric_field
1235,Electrical_engineering
1236,Electrical_resistance
1237,Electricity
1238,Electromagnetic_radiation
1239,Electron
1240,Electron_beam_welding
1241,Electronic_amplifier
1242,Electronics
1243,Elementary_algebra
1244,Elementary_arithmetic
1245,Elementary_group_theory
1246,Eleocharis_dulcis
1247,Elephant
1248,Elephant_bird
1249,Elephant_shrew
1250,Elias_Ashmole
1251,Eliminative_materialism
1252,Elizabeth_Fry
1253,Elizabeth_II_of_the_United_Kingdom
1254,Elizabeth_I_of_England
1255,Elvis_Presley
1256,Emacs
1257,Emanuel_Swedenborg
1258,Emirate
1259,Emotion
1260,Emperor_Penguin
1261,Empiricism
1262,Employment
1263,Emu
1264,Enceladus_%28moon%29
1265,Encyclop%C3%A6dia_Britannica
1266,Endoscopic_foreign_body_retrieval
1267,Energy
1268,Engineering
1269,England
1270,England_expects_that_every_man_will_do_his_duty
1271,English_Channel
1272,English_Reformation
1273,English_language
1274,English_peasants%27_revolt_of_1381
1275,English_poetry
1276,Enigma_machine
1277,Entropy
1278,Environmental_science
1279,Enzyme_kinetics
1280,Eocene
1281,Epaminondas
1282,Epazote
1283,Epic_of_Gilgamesh
1284,Episcopal_polity
1285,Equal_Protection_Clause
1286,Equatorial_Guinea
1287,Erbium
1288,Eric_Clapton
1289,Erie_Canal
1290,Eris_%28dwarf_planet%29
1291,Eritrea
1292,Ernest_Hemingway
1293,Ernest_Rutherford
1294,Eruption_column
1295,Erwin_Rommel
1296,Eskimo
1297,Esperanto
1298,Essential_oil
1299,Estonia
1300,Ethanol
1301,Ethics
1302,Ethiopia
1303,Ethiopian_Wolf
1304,Ethnic_group
1305,Euclid
1306,Euclidean_geometry
1307,Eukaryote
1308,Euphrates
1309,Eurasian_Collared_Dove
1310,Eurasian_Eagle_Owl
1311,Eurasian_Jay
1312,Euro
1313,Europe
1314,European_Goldfinch
1315,European_Parliament
1316,European_Space_Agency
1317,European_Union
1318,Europium
1319,Eurovision_Song_Contest
1320,Eva_Per%C3%B3n
1321,Evolution
1322,Evolutionarily_stable_strategy
1323,Existentialism
1324,Exploration_of_Mars
1325,Explorer_I
1326,Expressionism
1327,Extinct_birds
1328,Extinction
1329,Extrasolar_planet
1330,Extraterrestrial_life
1331,Eye
1332,Eye_%28cyclone%29
1333,Eyelid
1334,Ezra_Pound
1335,F-35_Lightning_II
1336,F-4_Phantom_II
1337,FIFA
1338,FIFA_World_Cup
1339,FairTax
1340,Fair_Isle
1341,Falcon
1342,Falkland_Islands
1343,Family
1344,Famine
1345,Faroe_Islands
1346,Fascism
1347,Fashion
1348,Fatty_acid
1349,Fauna_of_Australia
1350,Feather
1351,Fed_Cup
1352,Federal_Bureau_of_Investigation
1353,Federated_States_of_Micronesia
1354,Fedora_Core
1355,Feldspar
1356,Felice_Beato
1357,Felix_Mendelssohn
1358,Felix_the_Cat
1359,Fencing
1360,Fennel
1361,Ferdinand_Magellan
1362,Ferdinandea
1363,Fermi_paradox
1364,Fermium
1365,Fern
1366,Fertile_Crescent
1367,Fertilizer
1368,Ffestiniog_Railway
1369,Fiberglass
1370,Fiction
1371,Fidel_Castro
1372,Fieldfare
1373,Fiji
1374,Film
1375,Final_Fantasy_%28video_game%29
1376,Finance
1377,Fine_art
1378,Finland
1379,Fire
1380,Firearm
1381,Firefly_%28TV_series%29
1382,First_Council_of_Nicaea
1383,First_Crusade
1384,First_Macedonian_War
1385,First_Transcontinental_Railroad
1386,Fish
1387,Fishing
1388,Flag_of_Australia
1389,Flag_of_Belarus
1390,Flag_of_Hong_Kong
1391,Flag_of_India
1392,Flag_of_Mexico
1393,Flag_of_South_Africa
1394,Flag_of_the_Republic_of_China
1395,Flamingo
1396,Flanders
1397,Flat_Earth
1398,Flemish_%28linguistics%29
1399,Flemish_dialects
1400,Flemish_people
1401,Flood
1402,Floppy_disk
1403,Florence_Nightingale
1404,Florida
1405,Florida_East_Coast_Railway
1406,Flower
1407,Fluorine
1408,Flute
1409,Foie_gras
1410,Folic_acid
1411,Folk_music
1412,Folklore
1413,Food
1414,Football
1415,Football_%28soccer%29
1416,Force
1417,Forest
1418,Formic_acid
1419,Formula_One
1420,Forrest_Gump
1421,Forth
1422,Forth_Bridge_%28railway%29
1423,Forth_Road_Bridge
1424,Fossil
1425,Fossil_fuel
1426,Fossil_record
1427,Fourteenth_Amendment_to_the_United_States_Constitution
1428,Fox
1429,Fr%C3%A9d%C3%A9ric_Chopin
1430,Fractal
1431,France
1432,France_in_the_American_Revolutionary_War
1433,Frances_Oldham_Kelsey
1434,Francis_Bacon
1435,Francis_Crick
1436,Francis_Drake
1437,Francis_of_Assisi
1438,Francisco_Goya
1439,Francium
1440,Frank_Lloyd_Wright
1441,Frankenstein
1442,Frankfurt
1443,Franklin_D._Roosevelt
1444,Franklin_Pierce
1445,Franks
1446,Franz_Kafka
1447,Franz_Schubert
1448,Frederick_Douglass
1449,Frederick_Hamilton-Temple-Blackwood%2C_1st_Marquess_of_Dufferin_and_Ava
1450,Frederick_II%2C_Holy_Roman_Emperor
1451,Frederick_II_of_Prussia
1452,Freetown
1453,French_Guiana
1454,French_Open_%28tennis%29
1455,French_Polynesia
1456,French_Revolution
1457,French_Southern_and_Antarctic_Lands
1458,French_language
1459,Fresh_water
1460,Friedrich_Nietzsche
1461,Frog
1462,Fruit
1463,Fugu
1464,Full_moon
1465,Funchal
1466,Functional_programming
1467,Fundamental_theorem_of_arithmetic
1468,Fungus
1469,Fusarium
1470,Fyodor_Dostoevsky
1471,GDRT
1472,GNOME
1473,GNU
1474,GNU_Project
1475,Gabon
1476,Gaborone
1477,Gadolinium
1478,Gal%C3%A1pagos_Islands
1479,Galah
1480,Galaxy
1481,Galeras
1482,Galileo_Galilei
1483,Gallium
1484,Galveston_Hurricane_of_1900
1485,Game
1486,Game_theory
1487,Ganesha
1488,Ganges_River
1489,Ganges_shark
1490,Gangtok
1491,Garage_%28dance_music%29
1492,Garden
1493,Gardening
1494,Gas
1495,Gas_giant
1496,Gas_metal_arc_welding
1497,Gas_tungsten_arc_welding
1498,Gas_turbine-electric_locomotive
1499,Gaur
1500,Gauss%27s_law
1501,Gautama_Buddha
1502,Gaza_Strip
1503,Gazelle
1504,Gender
1505,Genealogy
1506,General_Pershing_Zephyr
1507,Genetic_code
1508,Genetics
1509,Geneva
1510,Genghis_Khan
1511,Genoa
1512,Gentoo_penguin
1513,Geography
1514,Geography_of_India
1515,Geography_of_Ireland
1516,Geology
1517,Geology_of_the_Grand_Canyon_area
1518,Geometry
1519,Georg_Cantor
1520,George_Byron%2C_6th_Baron_Byron
1521,George_Eliot
1522,George_Fox
1523,George_H._W._Bush
1524,George_Herbert
1525,George_III_of_the_United_Kingdom
1526,George_II_of_Great_Britain
1527,George_IV_of_the_United_Kingdom
1528,George_I_of_Great_Britain
1529,George_VI_of_the_United_Kingdom
1530,George_V_of_the_United_Kingdom
1531,George_W._Bush
1532,George_Washington
1533,Georgetown%2C_Guyana
1534,Georgia_%28country%29
1535,Gerald_Durrell
1536,Gerald_Ford
1537,German_Crusade%2C_1096
1538,German_language
1539,German_reunification
1540,Germanium
1541,Germany
1542,Gettysburg_Address
1543,Ghana
1544,Ghost_Dance
1545,Giant%27s_Causeway
1546,Giant_Eland
1547,Giant_Hogweed
1548,Giant_Panda
1549,Gibraltar
1550,Giganotosaurus
1551,Gilles_Villeneuve
1552,Giraffe
1553,Giuseppe_Verdi
1554,Giza_pyramid_complex
1555,Glacier
1556,Glacier_National_Park_%28US%29
1557,Glaciology
1558,Glasgow
1559,Glass
1560,Glasses
1561,Glastonbury_Festival
1562,GlaxoSmithKline
1563,Gliding
1564,Gliese_876
1565,Gliese_876_b
1566,Gliese_876_c
1567,Gliese_876_d
1568,Global
1569,Global_city
1570,Global_spread_of_H5N1
1571,Global_warming
1572,Globalization
1573,Globe_Theatre
1574,Globular_cluster
1575,Glorious_Revolution
1576,Glynn_Lunney
1577,Gmail
1578,Go_%28board_game%29
1579,Goa
1580,God
1581,Gold
1582,Gold%28III%29_chloride
1583,Gold_standard
1584,Golden_Eagle
1585,Golden_Gate_Highlands_National_Park
1586,Goldfish
1587,Gone_with_the_Wind_%28film%29
1588,Google
1589,Goose
1590,Gordon_Brown
1591,Gorilla
1592,Gossypium
1593,Gothenburg
1594,Gottfried_Leibniz
1595,Government
1596,Government_of_France
1597,Grand_Canal_of_China
1598,Grand_Canyon
1599,Grand_Central_Terminal
1600,Grand_Slam_%28tennis%29
1601,Grange_Hill
1602,Granite
1603,Grape_seed_oil
1604,Graphic_novel
1605,Gravitation
1606,Gray_Wolf
1607,Gray_reef_shark
1608,Grease_%28film%29
1609,Great_Auk
1610,Great_Barrier_Reef
1611,Great_Black-backed_Gull
1612,Great_Britain
1613,Great_Bustard
1614,Great_Comet_of_1882
1615,Great_Cormorant
1616,Great_Crested_Grebe
1617,Great_Lakes
1618,Great_Lakes_Storm_of_1913
1619,Great_Moravia
1620,Great_Pyramid_of_Giza
1621,Great_Red_Spot
1622,Great_Rift_Valley
1623,Great_Salt_Lake
1624,Great_Spotted_Woodpecker
1625,Great_Wall_of_China
1626,Great_Yarmouth
1627,Great_comet
1628,Great_white_shark
1629,Greco-Buddhism
1630,Greece
1631,Greek_War_of_Independence
1632,Greek_mythology
1633,Green_Woodpecker
1634,Greenhouse_effect
1635,Greenland
1636,Greg_LeMond
1637,Gregor_Mendel
1638,Gregorian_chant
1639,Grenada
1640,Grevy%27s_Zebra
1641,Group_%28mathematics%29
1642,Grover_Cleveland
1643,Guadeloupe
1644,Guam
1645,Guangzhou
1646,Guatemala
1647,Guernsey
1648,Guglielmo_Marconi
1649,Guild
1650,Guinea
1651,Guinea-Bissau
1652,Guinness
1653,Guitar
1654,Gulf_of_Mexico
1655,Gull
1656,Gunpowder
1657,Guqin
1658,Gustav_Holst
1659,Gustavus_Franklin_Swift
1660,Guyana
1661,Gyeongju
1662,Gypsum
1663,H%C3%A4nsel_und_Gretel
1664,H.D.
1665,H5N1
1666,HD_209458_b
1667,HD_217107
1668,HIV
1669,HSBC
1670,HTTP_cookie
1671,H_II_region
1672,Habsburg_Spain
1673,Hadrian%27s_Wall
1674,Haemophilia
1675,Hafnium
1676,Haiti
1677,Halfbeak
1678,Halloween
1679,Hamburg
1680,Hammurabi
1681,Hampshire
1682,Hampstead_Heath
1683,Hannibal_Barca
1684,Hanoi
1685,Harald_Maddadsson
1686,Haraldsk%C3%A6r_Woman
1687,Harare
1688,Hardball_squash
1689,Harlem_Globetrotters
1690,Harley-Davidson
1691,Harold_Macmillan
1692,Harold_Wilson
1693,Harrier_Hawk
1694,Harry_Potter
1695,Harry_S._Truman
1696,Harvest
1697,Hasekura_Tsunenaga
1698,Hassium
1699,Hatshepsut
1700,Hawaiian_Goose
1701,Hawk
1702,Hawk-Eye
1703,Hawking_radiation
1704,Health
1705,Heard_Island_and_McDonald_Islands
1706,Heat
1707,Hebrew_calendar
1708,Hebrew_language
1709,Hebrides
1710,Helen
1711,Helen_Gandy
1712,Helicobacter_pylori
1713,Heliocentrism
1714,Helium
1715,Hellenistic_Greece
1716,Hello_Garci_scandal
1717,Helmeted_Guineafowl
1718,Helsinki
1719,Henipavirus
1720,Henri_Matisse
1721,Henrik_Ibsen
1722,Henry_David_Thoreau
1723,Henry_Fonda
1724,Henry_Ford
1725,Henry_H._Rogers
1726,Henry_III_of_England
1727,Henry_II_of_England
1728,Henry_IV_of_England
1729,Henry_I_of_England
1730,Henry_James
1731,Henry_Moore
1732,Henry_Morrison_Flagler
1733,Henry_Morton_Stanley
1734,Henry_Purcell
1735,Henry_Rollins
1736,Henry_VIII_of_England
1737,Henry_VII_of_England
1738,Henry_VI_of_England
1739,Henry_V_of_England
1740,Hepatocellular_carcinoma
1741,Heracles
1742,Heraclius
1743,Heraldry
1744,Herbert_Hoover
1745,Herbig-Haro_object
1746,Herbivore
1747,Hern%C3%A1n_Cort%C3%A9s
1748,Hero_of_the_Russian_Federation
1749,Herodotus
1750,Heron
1751,Herrerasaurus
1752,Herring_Gull
1753,Hey_Jude
1754,High_German_consonant_shift
1755,Hilda_of_Whitby
1756,Himalayas
1757,Himno_Nacional_Mexicano
1758,Hindi
1759,Hinduism
1760,Hip_hop_music
1761,Hippocrates
1762,Hippopotamus
1763,Hirohito
1764,History
1765,History_of_Alaska
1766,History_of_Anglo-Saxon_England
1767,History_of_Arizona
1768,History_of_Buddhism
1769,History_of_Central_Asia
1770,History_of_Earth
1771,History_of_Greece
1772,History_of_Greenland
1773,History_of_New_Jersey
1774,History_of_Puerto_Rico
1775,History_of_Russia
1776,History_of_South_Africa
1777,History_of_South_Africa_in_the_apartheid_era
1778,History_of_South_Carolina
1779,History_of_computing_hardware
1780,History_of_democracy
1781,History_of_nuclear_weapons
1782,History_of_painting
1783,History_of_post-Soviet_Russia
1784,History_of_science
1785,History_of_slavery
1786,History_of_the_Internet
1787,History_of_the_world
1788,Ho_Chi_Minh
1789,Ho_Chi_Minh_City
1790,Holkham_Hall
1791,Hollandic
1792,Holmium
1793,Holy_Roman_Empire
1794,Homer
1795,Homestar_Runner
1796,Homo_floresiensis
1797,Honduras
1798,Honey
1799,Honey_bee
1800,Hong_Kong
1801,Hoover_Dam
1802,Hopman_Cup
1803,Horatio_Nelson%2C_1st_Viscount_Nelson
1804,Horn_of_Africa
1805,Horse
1806,Hot_air_balloon
1807,House
1808,House_Martin
1809,House_Sparrow
1810,House_of_Lords
1811,Household_income_in_the_United_States
1812,Houston%2C_Texas
1813,Hovercraft
1814,Howards_End
1815,Howland_Island
1816,Hubbard_Glacier
1817,Hubble%27s_law
1818,Hubble_Deep_Field
1819,Hubble_Space_Telescope
1820,Hudson_Bay
1821,Hugo_Wolf
1822,Human
1823,Human_abdomen
1824,Human_dignity
1825,Human_rights
1826,Humanism
1827,Humanities
1828,Humour
1829,Humpback_Whale
1830,Humphry_Davy
1831,Humus
1832,Hundred_Years%27_War
1833,Hungary
1834,Hunger
1835,Huntington%27s_disease
1836,Hurricane_Alex_%282004%29
1837,Hurricane_Andrew
1838,Hurricane_Camille
1839,Hurricane_Charley
1840,Hurricane_David
1841,Hurricane_Dennis
1842,Hurricane_Edouard_%281996%29
1843,Hurricane_Epsilon_%282005%29
1844,Hurricane_Felix_%281995%29
1845,Hurricane_Floyd
1846,Hurricane_Georges
1847,Hurricane_Gloria
1848,Hurricane_Ivan
1849,Hurricane_John_%281994%29
1850,Hurricane_John_%282006%29
1851,Hurricane_Katrina
1852,Hurricane_Lenny
1853,Hurricane_Mitch
1854,Hurricane_Philippe_%282005%29
1855,Hurricane_Vince_%282005%29
1856,Husein_Grada%C5%A1%C4%8Devi%C4%87
1857,Hutu
1858,Hyde_Park%2C_London
1859,Hydrochloric_acid
1860,Hydrogen
1861,Hydrogen_peroxide
1862,Hydrology
1863,Hyena
1864,Hymenoptera
1865,IG_Farben_Building
1866,IPod
1867,ITunes
1868,I_Ching
1869,I_Want_to_Hold_Your_Hand
1870,Ibn_Battuta
1871,Ice
1872,Ice_age
1873,Ice_hockey
1874,Ice_sheet
1875,Iceland
1876,Iceland_hotspot
1877,Ichthyosaur
1878,Idit_Harel_Caperton
1879,Idolatry
1880,Igneous_rock
1881,Igor_Stravinsky
1882,Iguanodon
1883,Ike_Altgens
1884,Imagism
1885,Immanuel_Kant
1886,Imperative_programming
1887,Imperial_Japanese_Navy
1888,Impressionism
1889,Inca_Empire
1890,Income_disparity
1891,India
1892,Indian_Ocean
1893,Indian_Peafowl
1894,Indian_Railways
1895,Indian_Standard_Time
1896,Indian_cricket_team
1897,Indian_independence_movement
1898,Indira_Gandhi
1899,Indium
1900,Indo-Greek_Kingdom
1901,Indonesia
1902,Indonesian_language
1903,Indricotherium
1904,Inductance
1905,Indus_River
1906,Indus_Valley_Civilization
1907,Industrial_Revolution
1908,Industry
1909,Information
1910,Infrastructure
1911,Inner_Hebrides
1912,Insect
1913,Insulin
1914,Integrated_circuit
1915,Intel_Corporation
1916,Intelligence
1917,International_Court_of_Justice
1918,International_Red_Cross_and_Red_Crescent_Movement
1919,International_Space_Station
1920,International_human_rights_instruments
1921,International_law
1922,Internet
1923,Internet_Explorer
1924,Interpol
1925,Introduction_to_special_relativity
1926,Invasion
1927,Invasion_of_Grenada
1928,Invasive_species
1929,Invertebrate
1930,Investment_banking
1931,Iodine
1932,Ipswich
1933,Iran
1934,Iranian_peoples
1935,Iraq
1936,Iraq_War
1937,Ireland
1938,Iridium
1939,Irish_Sea
1940,Irish_people
1941,Irish_poetry
1942,Irish_theatre
1943,Iron
1944,Iron%28III%29_chloride
1945,Iron_Age
1946,Iron_Maiden
1947,Irrigation
1948,Isaac
1949,Isaac_Asimov
1950,Isaac_Brock
1951,Isaac_Newton
1952,Isambard_Kingdom_Brunel
1953,Isan
1954,Ishango_bone
1955,Isis
1956,Islam
1957,Islamic_republic
1958,Island_Fox
1959,Isle_of_Man
1960,Isle_of_Wight
1961,Isles_of_Scilly
1962,Isospin
1963,Israel
1964,Issyk_Kul
1965,Istanbul
1966,Italian_Renaissance
1967,Italian_War_of_1521
1968,Italo_disco
1969,Italy
1970,Ivan_IV_of_Russia
1971,Ivory
1972,Ivory-billed_Woodpecker
1973,J%C3%B3zef_Pi%C5%82sudski
1974,J._J._Thomson
1975,J._K._Rowling
1976,J._M._W._Turner
1977,J._R._R._Tolkien
1978,J._S._Fry_%26_Sons
1979,Jack_Kerouac
1980,Jackal
1981,Jackanory
1982,Jackdaw
1983,Jackie_Robinson
1984,Jacobite_rising
1985,Jacques-Louis_David
1986,Jacques_Cartier
1987,Jakarta
1988,Jake_Gyllenhaal
1989,Jamaica
1990,James_Bond
1991,James_Buchanan
1992,James_Callaghan
1993,James_Clerk_Maxwell
1994,James_Cook
1995,James_D._Watson
1996,James_Garfield
1997,James_II_of_England
1998,James_I_of_England
1999,James_Joyce
2000,James_K._Polk
2001,James_Lovelock
2002,James_Monroe
2003,James_Stewart_%28actor%29
2004,James_Watt
2005,Jan_Mayen
2006,Jane_Austen
2007,Jane_Eyre
2008,Jane_Fonda
2009,Japan
2010,Japanese_war_crimes
2011,Japanese_yen
2012,Jarvis_Island
2013,Jaws_%28film%29
2014,Jazz
2015,Jean-Jacques_Rousseau
2016,Jehovah
2017,Jerry_Fodor
2018,Jersey
2019,Jersey_Zoological_Park
2020,Jerusalem
2021,Jesse_Owens
2022,Jesus
2023,Jet_Set_Willy
2024,Jet_engine
2025,Jew
2026,Jewellery
2027,Jiaogulan
2028,Jimmy_Carter
2029,Jimmy_Wales
2030,Joan_of_Arc
2031,Jocelin
2032,Johann_Pachelbel
2033,Johann_Sebastian_Bach
2034,Johann_Wolfgang_Goethe
2035,Johannes_Gutenberg
2036,Johannes_Kepler
2037,Johannes_Ockeghem
2038,Johannesburg
2039,John_Adams
2040,John_Bull_%28locomotive%29
2041,John_Cabot
2042,John_Calvin
2043,John_Constable
2044,John_Dee
2045,John_F._Kennedy
2046,John_F._Kennedy_assassination
2047,John_Flamsteed
2048,John_Howard
2049,John_Locke
2050,John_Logie_Baird
2051,John_Marshall
2052,John_Maynard_Keynes
2053,John_McEnroe
2054,John_Millington_Synge
2055,John_Milton
2056,John_Pershing
2057,John_Seigenthaler%2C_Sr.
2058,John_Sentamu
2059,John_Tyler
2060,John_Vanbrugh
2061,John_W._Campbell
2062,John_W._Johnston
2063,John_of_England
2064,John_von_Neumann
2065,Johnny_Appleseed
2066,Johnston_Atoll
2067,Jomsvikings
2068,Jonah_Lomu
2069,Jonathan_Wild
2070,Jordan
2071,Jordan_River
2072,Jorge_Luis_Borges
2073,Joseph_Haydn
2074,Joseph_Stalin
2075,Joseph_and_the_Amazing_Technicolor_Dreamcoat
2076,Josephus
2077,Juan_Sebasti%C3%A1n_Elcano
2078,Judaism
2079,Juice
2080,Julius_Caesar
2081,July_2006_Java_earthquake
2082,Jump_rope
2083,Juniper_berry
2084,Jupiter
2085,Jupiter_%28mythology%29
2086,Jurassic
2087,Juvenile_delinquency
2088,Jyllands-Posten_Muhammad_cartoons_controversy
2089,K%C4%ABlauea
2090,Kaffir_lime
2091,Kakapo
2092,Kangaroo
2093,Kansas_City%2C_Missouri
2094,Karachi
2095,Kargil_War
2096,Karl_Benz
2097,Karl_Marx
2098,Karl_Popper
2099,Kashmir_region
2100,Katana
2101,Kazakhstan
2102,Keira_Knightley
2103,Kenya
2104,Kerala
2105,Kestrel
2106,Kevin_Spacey
2107,Khan_Wali_Khan
2108,Khartoum
2109,Khazars
2110,Khudai_Khidmatgar
2111,Kiev
2112,Kigali
2113,Kigo
2114,King_Arthur
2115,King_Kong_%281933_film%29
2116,King_Kong_%282005_film%29
2117,Kingman_Reef
2118,Kiribati
2119,Kite_%28bird%29
2120,Kitsch
2121,Knights_of_Columbus
2122,Kochi_%28India%29
2123,Kofi_Annan
2124,Kohlberg%27s_stages_of_moral_development
2125,Kolkata
2126,Konrad_Lorenz
2127,Kookaburra
2128,Korea
2129,Koryaksky
2130,Kosovo
2131,Krag-J%C3%B8rgensen
2132,Krakatoa
2133,Krazy_Kat
2134,Krill
2135,Krypton
2136,Ku_Klux_Klan
2137,Kuala_Lumpur
2138,Kubla_Khan
2139,Kuiper_belt
2140,Kurt_Cobain
2141,Kuru_%28disease%29
2142,Kuwait
2143,Kuwait_City
2144,Kylie_Minogue
2145,Kyoto_Protocol
2146,Kyrgyzstan
2147,L._S._Lowry
2148,La_Grande_Arm%C3%A9e
2149,La_Paz
2150,Labor_Day_Hurricane_of_1935
2151,Ladysmith_Black_Mambazo
2152,Lagos
2153,Laika
2154,Lake_Albert
2155,Lake_Baikal
2156,Lake_Burley_Griffin
2157,Lake_Chad
2158,Lake_District
2159,Lake_Edward
2160,Lake_Kariba
2161,Lake_Kivu
2162,Lake_Malawi
2163,Lake_Mead
2164,Lake_Powell
2165,Lake_Superior
2166,Lake_Tahoe
2167,Lake_Tanganyika
2168,Lake_Titicaca
2169,Lake_Toba
2170,Lake_Turkana
2171,Lake_Victoria
2172,Lake_Vostok
2173,Lance_Armstrong
2174,Land_%28economics%29
2175,Landform
2176,Landscape
2177,Language
2178,Lanthanum
2179,Laos
2180,Laozi
2181,Las_Palmas_de_Gran_Canaria
2182,Las_Vegas%2C_Nevada
2183,Last_Supper
2184,Latin
2185,Latin_America
2186,Latin_alphabet
2187,Latvia
2188,Laurence_Olivier
2189,Laurent_Fignon
2190,Lavender
2191,Law
2192,Lawn
2193,Lawrencium
2194,Laws_in_Wales_Acts_1535%E2%80%931542
2195,Layla
2196,Lead
2197,League_of_Nations
2198,Leaning_Tower_of_Pisa
2199,Lebanon
2200,Leeds
2201,Lego
2202,Leicester
2203,Leif_Ericson
2204,Leisure
2205,Lemon
2206,Lemon_balm
2207,Lemon_myrtle
2208,Lens_%28anatomy%29
2209,Leo_Tolstoy
2210,Leon_Trotsky
2211,Leonardo_da_Vinci
2212,Leonhard_Euler
2213,Lerwick
2214,Lesotho
2215,Lettuce
2216,Levee_failures_in_Greater_New_Orleans%2C_2005
2217,Lhasa
2218,Liberal_Democrats
2219,Liberal_democracy
2220,Liberalism
2221,Liberia
2222,Libertarianism
2223,Library
2224,Library_of_Alexandria
2225,Library_of_Congress
2226,Libreville
2227,Libya
2228,Liechtenstein
2229,Life
2230,Light
2231,Lighthouse_of_Alexandria
2232,Lighting_designer
2233,Lightning_rod
2234,Lille
2235,Lilongwe
2236,Lima
2237,Limerick
2238,Lindisfarne_Gospels
2239,Linear_algebra
2240,Linguistics
2241,Link_%28The_Legend_of_Zelda%29
2242,Linus_Pauling
2243,Linus_Torvalds
2244,Linux
2245,Lion
2246,Lipid
2247,Liquid_crystal
2248,Lisbon
2249,List_of_Archbishops_of_Canterbury
2250,List_of_Asian_countries
2251,List_of_European_Union_member_states_by_accession
2252,List_of_European_countries
2253,List_of_French_monarchs
2254,List_of_Oceanian_countries
2255,List_of_Prime_Ministers_of_the_United_Kingdom
2256,List_of_Test_cricket_triple_centuries
2257,List_of_U.S._states_by_date_of_statehood
2258,List_of_areas_in_the_National_Park_System_of_the_United_States
2259,List_of_circulating_currencies
2260,List_of_countries
2261,List_of_countries_by_system_of_government
2262,List_of_elements_by_name
2263,List_of_essential_oils
2264,List_of_minerals
2265,List_of_monarchs_in_the_British_Isles
2266,List_of_popes
2267,List_of_rivers_by_length
2268,List_of_sovereign_states
2269,List_of_universities_in_the_United_Kingdom
2270,List_of_vegetable_oils
2271,Literacy
2272,Literature
2273,Lithium
2274,Lithium_aluminium_hydride
2275,Lithuania
2276,Little_Women
2277,Liverpool
2278,Liverpool_F.C.
2279,Liverpool_and_Manchester_Railway
2280,Llandudno
2281,Llywelyn_the_Great
2282,Local_community
2283,Local_government_in_the_United_Kingdom
2284,Loch
2285,Loch_Ness
2286,Logic
2287,Logistics
2288,Lom%C3%A9
2289,London
2290,London_Bridge
2291,London_Underground
2292,London_Zoo
2293,London_sewerage_system
2294,Long-billed_Vulture
2295,Long_pepper
2296,Longship
2297,Looney_Tunes
2298,Lord%27s_Resistance_Army
2299,Lord_Voldemort
2300,Los_Angeles%2C_California
2301,Lost_%28TV_series%29
2302,Lothal
2303,Louis_Armstrong
2304,Louis_Jordan
2305,Louis_Pasteur
2306,Louis_XIV_of_France
2307,Louisville%2C_Kentucky
2308,Lovage
2309,Love
2310,Lucy%2C_Lady_Duff-Gordon
2311,Ludwig_Wittgenstein
2312,Ludwig_van_Beethoven
2313,Luftwaffe
2314,Luminiferous_aether
2315,Lunar_eclipse
2316,Lung_cancer
2317,Lusaka
2318,Lutetium
2319,Luxembourg
2320,Luxembourg_%28city%29
2321,Lyme_disease
2322,Lyndon_B._Johnson
2323,Lynton_and_Barnstaple_Railway
2324,Lyon
2325,M%2AA%2AS%2AH_%28TV_series%29
2326,M1_motorway
2327,M25_motorway
2328,M6_motorway
2329,MINI_%28BMW%29
2330,Macau
2331,Macbeth
2332,Macbeth_of_Scotland
2333,Macedon
2334,Machu_Picchu
2335,Macintosh
2336,Mackenzie_River
2337,Madagascar
2338,Madama_Butterfly
2339,Madrid
2340,Magellanic_Penguin
2341,Maghreb
2342,Magic__The_Gathering
2343,Maglev_train
2344,Magma
2345,Magna_Carta
2346,Magnesium
2347,Magnet
2348,Magnetism
2349,Magpie
2350,Mahabharata
2351,Mahatma_Gandhi
2352,Mahjong
2353,Mahmoud_Abbas
2354,Maiasaura
2355,Maize
2356,Makuria
2357,Malaria
2358,Malaspina_Glacier
2359,Malawi
2360,Malaysia
2361,Malcolm_III_of_Scotland
2362,Malcolm_II_of_Scotland
2363,Malcolm_X
2364,Maldives
2365,Mali
2366,Mallard
2367,Malta
2368,Malwa_%28Madhya_Pradesh%29
2369,Mammal
2370,Mammoth
2371,Mammoth_Cave_National_Park
2372,Mancala
2373,Manchester
2374,Manchester_United_F.C.
2375,Mandan
2376,Manganese
2377,Mango
2378,Manifest_Destiny
2379,Manifold
2380,Manila
2381,Manorialism
2382,Manuel_I_Komnenos
2383,Manufacturing
2384,Mao_Zedong
2385,Map_projection
2386,Maputo
2387,Marcel_Lefebvre
2388,Marcel_Proust
2389,Marco_Polo
2390,Marcus_Allen
2391,Margaret_Sanger
2392,Margaret_Thatcher
2393,Margate
2394,Margin_of_error
2395,Marie_Curie
2396,Mario
2397,Marjoram
2398,Mark_Antony
2399,Mark_Twain
2400,Mark_Twain_House
2401,Mark_Webber
2402,Market
2403,Markup_language
2404,Mars
2405,Mars_Exploration_Rover
2406,Mars_Reconnaissance_Orbiter
2407,Marseille
2408,Marshall_Islands
2409,Marshall_Plan
2410,Martin_Luther
2411,Martin_Luther_King%2C_Jr.
2412,Martin_Van_Buren
2413,Martina_Navratilova
2414,Martinique
2415,Marvin_Gaye
2416,Marxism
2417,Mary_II_of_England
2418,Mary_I_of_England
2419,Mary_I_of_Scotland
2420,Mary_Seacole
2421,Maseru
2422,Mass_Rapid_Transit_%28Singapore%29
2423,Mass_media
2424,Massospondylus
2425,Material_properties_of_diamond
2426,Mathematical_analysis
2427,Mathematics
2428,Matilda_of_Boulogne
2429,Matrix_%28mathematics%29
2430,Matsuo_Bash%C5%8D
2431,Matter
2432,Matthew_Brettingham
2433,Mauna_Loa
2434,Mauritania
2435,Mauritius
2436,Mauthausen-Gusen_concentration_camp
2437,Max_Planck
2438,Max_Weber
2439,Maxwell%27s_equations
2440,Maya_civilization
2441,Maya_mythology
2442,Mayotte
2443,Mbabane
2444,McFly_%28band%29
2445,Meander
2446,Measles
2447,Measurement
2448,Meat
2449,Mecca
2450,Mechanical_work
2451,Medal_of_Honor
2452,Medicine
2453,Medieval_commune
2454,Medieval_literature
2455,Medieval_music
2456,Mediterranean_Sea
2457,Meitnerium
2458,Mekong
2459,Melbourne
2460,Mendelevium
2461,Mendip_Hills
2462,Meningitis
2463,Menstrual_cycle
2464,Mentha
2465,Menthol
2466,Mercantilism
2467,Mercia
2468,Mercury_%28element%29
2469,Mercury_%28planet%29
2470,Merrimack_River
2471,Merseburg_Incantations
2472,Mesopotamia
2473,Mestizo
2474,Metal
2475,Metallurgy
2476,Metamorphic_rock
2477,Meteor
2478,Meteor_shower
2479,Meteorological_history_of_Hurricane_Katrina
2480,Meteorology
2481,Metric_expansion_of_space
2482,Mexico
2483,Mexico_City
2484,Miami%2C_Florida
2485,Michael_Faraday
2486,Michael_Jordan
2487,Michael_Ramsey
2488,Michelangelo
2489,Michigan_State_University
2490,Mickey_Mantle
2491,Microraptor
2492,Microscope
2493,Microsoft
2494,Microsoft_Windows
2495,Middle_Ages
2496,Middle_East
2497,Midway_Atoll
2498,Miguel_de_Cervantes
2499,Mikhail_Gorbachev
2500,Milan
2501,Miles_Davis
2502,Milgram_experiment
2503,Military_dictatorship
2504,Military_history_of_the_Soviet_Union
2505,Milk
2506,Milkshake
2507,Milky_Way
2508,Millard_Fillmore
2509,Milton_Keynes
2510,Mind
2511,Mineral
2512,Ming_Dynasty
2513,Mini
2514,Minimum_wage
2515,Mining
2516,Minmi_%28dinosaur%29
2517,Minneapolis%2C_Minnesota
2518,Minnesota
2519,Minoan_civilization
2520,Minstrel_show
2521,Miocene
2522,Mir
2523,Miranda_Otto
2524,Mississippi_River
2525,Missouri_River
2526,Mistle_Thrush
2527,Mitochondrial_Eve
2528,Mitochondrion
2529,Mixed-breed_dog
2530,Modern_history
2531,Modernist_poetry_in_English
2532,Mogadishu
2533,Mohs_scale_of_mineral_hardness
2534,Moldova
2535,Moldovans
2536,Mole_%28animal%29
2537,Molybdenum
2538,Momentum
2539,Mona_Lisa
2540,Monaco
2541,Monaco_Grand_Prix
2542,Monarchies_in_the_European_Union
2543,Monarchy
2544,Money
2545,Mongol_Empire
2546,Mongolia
2547,Mongoose
2548,Monkey
2549,Monoclonius
2550,Monopoly_%28game%29
2551,Monrovia
2552,Montenegro
2553,Montevideo
2554,Montreal
2555,Montreal_Metro
2556,Montserrat
2557,Monty_Python
2558,Moon
2559,Moon_landing
2560,Moore%27s_Law
2561,Morecambe_Bay
2562,Morecambe_and_Wise
2563,Moringa_oleifera
2564,Mormon
2565,Mormon_Trail
2566,Morocco
2567,Morphine
2568,Morris_dance
2569,Mosaic
2570,Moscow
2571,Mosque
2572,Moss
2573,Mother_Teresa
2574,Motion_%28physics%29
2575,Mount_Baker
2576,Mount_Everest
2577,Mount_Kilimanjaro
2578,Mount_Nyiragongo
2579,Mount_Osmond%2C_South_Australia
2580,Mount_Pinatubo
2581,Mount_Rainier
2582,Mount_Rushmore
2583,Mount_St._Helens
2584,Mount_Unzen
2585,Mount_Vesuvius
2586,Mountain_Gorilla
2587,Mozambique
2588,Mozilla_Firefox
2589,Mu_Arae
2590,Muhammad
2591,Muhammad_Ali
2592,Muhammad_Ali_Jinnah
2593,Muhammad_Iqbal
2594,Muhammad_ibn_Musa_al-Khwarizmi
2595,Multiculturalism
2596,Multiple_sclerosis
2597,Multiple_sequence_alignment
2598,Mumbai
2599,Mummy
2600,Munich
2601,Murray_River
2602,Muscat%2C_Oman
2603,Music
2604,Music_of_Antigua_and_Barbuda
2605,Music_of_Barbados
2606,Music_of_Dominica
2607,Music_of_Hawaii
2608,Music_of_Hungary
2609,Music_of_Ireland
2610,Music_of_Italy
2611,Music_of_Martinique_and_Guadeloupe
2612,Music_of_New_Zealand
2613,Music_of_Spain
2614,Music_of_Trinidad_and_Tobago
2615,Music_of_the_Bahamas
2616,Music_of_the_Lesser_Antilles
2617,Music_of_the_United_States
2618,Music_of_the_trecento
2619,Musical_instrument
2620,Mustard_plant
2621,Mustard_seed
2622,Muttaburrasaurus
2623,Myanmar
2624,Myco-heterotrophy
2625,Myers-Briggs_Type_Indicator
2626,Myocardial_infarction
2627,Mysticism
2628,Mythology
2629,Myxobolus_cerebralis
2630,NATO
2631,Nadia_Com%C4%83neci
2632,Nagorno-Karabakh_War
2633,Nahuatl_language
2634,Nairobi
2635,Naked_Mole_Rat
2636,Names_of_God_in_Judaism
2637,Namibia
2638,Napoleon_I_of_France
2639,Napoleonic_Wars
2640,Napster
2641,Nash_equilibrium
2642,Nashville%2C_Tennessee
2643,Natalie_Portman
2644,Nathu_La
2645,National_Anthem_of_Russia
2646,National_Gallery%2C_London
2647,National_Hockey_League
2648,National_parks_of_England_and_Wales
2649,Nationalism
2650,Nationality
2651,Natural_disaster
2652,Natural_gas
2653,Natural_selection
2654,Nature
2655,Nauru
2656,Naval_Battle_of_Guadalcanal
2657,Navassa_Island
2658,Nazi_Germany
2659,Nazism
2660,Necktie
2661,Negros_Oriental
2662,Neighbours
2663,Neil_Armstrong
2664,Neil_Young
2665,Nelson_Mandela
2666,Nematode
2667,Neoclassicism
2668,Neodymium
2669,Neon
2670,Nepal
2671,Neptune
2672,Neptunium
2673,Netball
2674,Netherlands
2675,Netherlands_Antilles
2676,Neutron
2677,New_Caledonia
2678,New_Delhi
2679,New_England_Patriots
2680,New_Forest
2681,New_York_City
2682,New_Zealand
2683,New_moon
2684,Newark%2C_New_Jersey
2685,Newcastle_upon_Tyne
2686,Newmarket
2687,Newspaper
2688,Newsround
2689,Niagara_Falls
2690,Nicaragua
2691,Niccol%C3%B2_Machiavelli
2692,Niccol%C3%B2_Paganini
2693,Nickel
2694,Nicolaus_Copernicus
2695,Niels_Bohr
2696,Niger
2697,Niger_River
2698,Nigeria
2699,Nightingale
2700,Nikola_Tesla
2701,Nikolai_Rimsky-Korsakov
2702,Nile
2703,Nineteen_Eighty-Four
2704,Nintendo
2705,Nintendo_DS
2706,Nintendo_Entertainment_System
2707,Niobium
2708,Nirvana_%28band%29
2709,Nitrification
2710,Nitrogen
2711,Nitrogen_cycle
2712,Nitrogen_fixation
2713,Niue
2714,Noam_Chomsky
2715,Nobel_Peace_Prize
2716,Nobelium
2717,Nobiin_language
2718,Norfolk
2719,Norfolk_Island
2720,Norman_Borlaug
2721,Norman_conquest_of_England
2722,Norse_mythology
2723,North_Africa
2724,North_America
2725,North_Atlantic_oscillation
2726,North_Korea
2727,North_Sea
2728,North_Sea_flood_of_1953
2729,North_Sea_oil
2730,Northern_Ireland
2731,Northern_Mariana_Islands
2732,Northern_Pacific_Railway
2733,Northwest_Africa
2734,Norway
2735,Norwich
2736,Nostradamus
2737,Nottingham
2738,Nouakchott
2739,Novel
2740,Novelty_%28locomotive%29
2741,Nuclear_fission
2742,Nuclear_power
2743,Nuclear_weapon
2744,Number
2745,Numismatics
2746,Nurse_sharks
2747,Nuthatch
2748,Nutmeg
2749,Nutrition
2750,Oasis_%28band%29
2751,Oat
2752,Obi-Wan_Kenobi
2753,Ocean
2754,Oceania
2755,Oceanography
2756,Odin
2757,Odysseus
2758,Odyssey
2759,Oenothera
2760,Oil_painting
2761,Oil_refinery
2762,Oil_reservoir
2763,Okapi
2764,Olaudah_Equiano
2765,Old_English_language
2766,Old_Nubian_language
2767,Old_Swiss_Confederacy
2768,Oleg_of_Novgorod
2769,Oligarchy
2770,Oligocene
2771,Olive_oil
2772,Oliver_Cromwell
2773,Oliver_Twist
2774,Ollanta_Humala
2775,Olmec
2776,Olympic_Games
2777,Oman
2778,Omega-3_fatty_acid
2779,One_Flew_Over_the_Cuckoo%27s_Nest_%28novel%29
2780,One_Foot_in_the_Grave
2781,Onion
2782,Onion_dome
2783,OpenBSD
2784,OpenOffice.org
2785,Open_cluster
2786,Open_source
2787,Opera
2788,Oppression
2789,Optical_fiber
2790,Optical_microscope
2791,Optical_telescope
2792,Opus_Dei
2793,Orbit_%28anatomy%29
2794,Orca
2795,Order_of_Canada
2796,Order_of_St._Patrick
2797,Order_of_the_Bath
2798,Order_of_the_Garter
2799,Order_of_the_Thistle
2800,Ordinal_number
2801,Ordinary_differential_equation
2802,Ordination_of_women
2803,Ordovician
2804,Oregano
2805,Oregon
2806,Organism
2807,Organization
2808,Orion_Nebula
2809,Orkney
2810,Ornithischia
2811,Oroonoko
2812,Osaka
2813,Osama_bin_Laden
2814,Osiris
2815,Oslo
2816,Osmium
2817,Osprey
2818,Osteomalacia
2819,Ostrich
2820,Oswald_of_Northumbria
2821,Ottawa
2822,Otter
2823,Otto_von_Bismarck
2824,Ottoman_Empire
2825,Ouagadougou
2826,Outer_Hebrides
2827,Overseas_Railroad
2828,Oviraptor
2829,Owl
2830,Oxbow_lake
2831,Oxford
2832,Oxygen
2833,Oxyrhynchus
2834,Ozone
2835,Ozone_depletion
2836,P%C3%B3voa_de_Varzim
2837,PONG
2838,PRR_GG1
2839,PSR_B1620-26c
2840,Pablo_Picasso
2841,Pac-Man
2842,Pachycephalosaurus
2843,Pacific_Ocean
2844,Painting
2845,Pakistan
2846,Palace_of_Westminster
2847,Palau
2848,Palazzo_Pitti
2849,Paleocene
2850,Paleontology
2851,Palestinian_territories
2852,Pali_Canon
2853,Palladian_architecture
2854,Palladium
2855,Palm_oil
2856,Palmyra_Atoll
2857,Pan_Am_Flight_103
2858,Panama
2859,Panama_Canal
2860,Papal_conclave
2861,Paprika
2862,Papua_New_Guinea
2863,Paraguay
2864,Paris
2865,Park
2866,Parliament_of_Canada
2867,Parliament_of_Malaysia
2868,Parliament_of_the_United_Kingdom
2869,Parliamentary_system
2870,Parrot
2871,Parsley
2872,Parsnip
2873,Parthenon
2874,Pashtun_people
2875,Passenger_Pigeon
2876,Pat_Cash
2877,Patna
2878,Paul_C%C3%A9zanne
2879,Paul_Dirac
2880,Paul_Kane
2881,Paul_McCartney
2882,Paul_of_Tarsus
2883,Pea
2884,Peace
2885,Peaceful_coexistence
2886,Peafowl
2887,Peak_District
2888,Peanut
2889,Pearl
2890,Pedagogy
2891,Pel%C3%A9
2892,Pelagic_zone
2893,Pellagra
2894,Pelycosaur
2895,Penda_of_Mercia
2896,Penguin
2897,Pennine_Way
2898,Pennsylvania_Railroad
2899,Pentateuch
2900,People%27s_Republic_of_China
2901,Peregrine_Falcon
2902,Perfect_number
2903,Pericles
2904,Periodic_table
2905,Periodic_table_%28large_version%29
2906,Perl
2907,Permian
2908,Pernicious_anemia
2909,Persian_Empire
2910,Persian_Gulf
2911,Persian_literature
2912,Perth%2C_Western_Australia
2913,Peru
2914,Pete_Sampras
2915,Peter_Grimes
2916,Peter_I_of_Russia
2917,Peter_Paul_Rubens
2918,Peterborough_Chronicle
2919,Petroleum
2920,Phase_%28matter%29
2921,Pheidippides
2922,Philadelphia
2923,Philately
2924,Philip_II_of_Spain
2925,Philippines
2926,Philosophiae_Naturalis_Principia_Mathematica
2927,Philosophy
2928,Philosophy_of_mind
2929,Phishing
2930,Phoenix_%28spacecraft%29
2931,Phoenix_Zoo
2932,Phonograph_cylinder
2933,Phosphorus
2934,Phosphorus_tribromide
2935,Phosphorus_trichloride
2936,Photography
2937,Photon
2938,Photosynthesis
2939,Photosynthetic_reaction_centre
2940,Physical_paradox
2941,Physical_science
2942,Physics
2943,Pi
2944,Piano
2945,Piccadilly_Circus
2946,Picts
2947,Pied_Avocet
2948,Pig
2949,Pigeon
2950,Pigment
2951,Pikachu
2952,Pink_Pigeon
2953,Pinworm
2954,Pitcairn_Islands
2955,Plains_Zebra
2956,Planet
2957,Planetary_habitability
2958,Planetary_nebula
2959,Plant
2960,Plant_cell
2961,Plasma_%28physics%29
2962,Plate_tectonics
2963,Platinum
2964,Plato
2965,Platypus
2966,Playing_card
2967,Pleiades_%28star_cluster%29
2968,Plesiosaur
2969,Pliocene
2970,Plover
2971,Plum
2972,Pluto
2973,Plutonium
2974,Plymouth
2975,Pneumonia
2976,Pochard
2977,Podcasting
2978,Poetry
2979,Poetry_of_the_United_States
2980,Poison_gas_in_World_War_I
2981,Pok%C3%A9mon_Trading_Card_Game
2982,Poland
2983,Polar_coordinate_system
2984,Polar_ice_cap
2985,Police
2986,Police_state
2987,Polish-Lithuanian_Commonwealth
2988,Polish-Muscovite_War_%281605%E2%80%931618%29
2989,Polish-Soviet_War
2990,Political_economy
2991,Political_integration_of_India
2992,Political_philosophy
2993,Political_science
2994,Politics
2995,Politics_of_the_United_Kingdom
2996,Pollinator
2997,Pollinator_decline
2998,Pollution
2999,Polonium
3000,Polymerase_chain_reaction
3001,Pompeii
3002,Pond
3003,Pontiac%27s_Rebellion
3004,Pony
3005,Poor_Law
3006,Pop_Idol
3007,Pope
3008,Pope_Benedict_XVI
3009,Pope_John_Paul_II
3010,Pope_Pius_XII
3011,Popular_culture
3012,Popular_culture_studies
3013,Population_history_of_American_indigenous_peoples
3014,Porgy_and_Bess
3015,Port_Louis
3016,Porto-Novo
3017,Portsmouth
3018,Portugal
3019,Portuguese_Communist_Party
3020,Portuguese_language
3021,Post-glacial_rebound
3022,Postage_stamp
3023,Potassium
3024,Potassium_iodide
3025,Potassium_nitrate
3026,Potato
3027,Pottery
3028,Poultry
3029,Pound_sterling
3030,Poverty
3031,Prague
3032,Praia
3033,Praseodymium
3034,Pre-Raphaelite_Brotherhood
3035,Precambrian
3036,President_of_the_United_States
3037,Pretoria
3038,Pride_and_Prejudice
3039,Prime_Minister_of_the_United_Kingdom
3040,Prime_number
3041,Primula
3042,Princeton_University
3043,Principality
3044,Printmaking
3045,Prion
3046,Private_Peaceful
3047,Privy_Council_of_the_United_Kingdom
3048,Probability_theory
3049,Programming_language
3050,Project_Vanguard
3051,Promethium
3052,Propaganda
3053,Property
3054,Prospecting
3055,Prostate_cancer
3056,Protactinium
3057,Protein
3058,Protoceratops
3059,Proton
3060,Proxima_Centauri
3061,Psittacosaurus
3062,Psychology
3063,Pterosaur
3064,Ptolemy
3065,Publishing
3066,Puerto_Rico
3067,Puffin
3068,Pumpkin
3069,Punctuated_equilibrium
3070,Pupil
3071,Pyongyang
3072,Pyotr_Ilyich_Tchaikovsky
3073,Pyramid
3074,Pyrite
3075,Pythagoras
3076,Pythagorean_theorem
3077,Python_%28programming_language%29
3078,Qatar
3079,Qin_Dynasty
3080,Qin_Shi_Huang
3081,Qing_Dynasty
3082,Quantity
3083,Quantum_chemistry
3084,Quantum_computer
3085,Quantum_mechanics
3086,Quark
3087,Quartz
3088,Quatermass_and_the_Pit
3089,Queen_%28band%29
3090,Quetzalcoatl
3091,Quito
3092,Qur%27an
3093,R%C3%A9union
3094,RER
3095,RMS_Titanic
3096,ROT13
3097,RSS_%28file_format%29
3098,Rabat
3099,Rabbit
3100,Rabies
3101,Rabindranath_Tagore
3102,Race
3103,Radar
3104,Radio
3105,Radio_frequency
3106,Radio_telescope
3107,Radish
3108,Radium
3109,Radon
3110,Ragtime
3111,Rail_transport
3112,Rail_transport_in_India
3113,Railway_post_office
3114,Rain
3115,Rainbow
3116,Rainforest
3117,Rainhill_Trials
3118,Raising_the_Flag_on_Iwo_Jima
3119,Ralph_Nader
3120,Rama
3121,Ramayana
3122,Ramesses_II
3123,Ramsgate
3124,Ran_%28film%29
3125,Raney_nickel
3126,Raphael
3127,Rapping
3128,Raven
3129,Ray_of_Light
3130,Real_tennis
3131,Recorder
3132,Recycling
3133,Red_Kite
3134,Red_Panda
3135,Red_Sea
3136,Red_dwarf
3137,Red_giant
3138,Red_rain_in_Kerala
3139,Redshift
3140,Redwing
3141,Redwood_National_and_State_Parks
3142,Reed_Warbler
3143,Refining
3144,Refrigerator_car
3145,Regent%27s_Park
3146,Reggae
3147,Reggaeton
3148,Religion
3149,Religious_Society_of_Friends
3150,Rembrandt
3151,Ren%C3%A9_Descartes
3152,Renaissance
3153,Renaissance_music
3154,Renminbi
3155,Renormalization
3156,Reptile
3157,Republic_of_China
3158,Republic_of_Ireland
3159,Republic_of_Macedonia
3160,Republic_of_the_Congo
3161,Restoration_comedy
3162,Retina
3163,Retinol
3164,Retreat_of_glaciers_since_1850
3165,Revolution
3166,Reza_Shah
3167,Rhenium
3168,Rhine
3169,Rhode_Island
3170,Rhodium
3171,Rhodium%28III%29_chloride
3172,Rhubarb
3173,Rhythm_and_blues
3174,Rice
3175,Richard_Feynman
3176,Richard_Francis_Burton
3177,Richard_III_%28play%29
3178,Richard_III_of_England
3179,Richard_II_of_England
3180,Richard_I_of_England
3181,Richard_Nixon
3182,Richard_O%27Connor
3183,Richard_Stallman
3184,Richard_Wagner
3185,Richmond%2C_Virginia
3186,Riesling
3187,Right_whale
3188,Ringed_Plover
3189,Rio_Tinto_Group
3190,Rio_de_Janeiro
3191,River
3192,River_Severn
3193,River_Thames
3194,Riyadh
3195,Roald_Amundsen
3196,Roan_Antelope
3197,Robert_Baden-Powell%2C_1st_Baron_Baden-Powell
3198,Robert_Boyle
3199,Robert_Gascoyne-Cecil%2C_3rd_Marquess_of_Salisbury
3200,Robert_Oppenheimer
3201,Robert_Owen
3202,Robert_Peel
3203,Robert_Schumann
3204,Robert_Stephenson
3205,Robinson_Crusoe
3206,Roche_limit
3207,Rock_Bunting
3208,Rock_Pigeon
3209,Rock_of_Gibraltar
3210,Rockall
3211,Rocky_Mountains
3212,Rococo
3213,Roentgenium
3214,Roman_Britain
3215,Roman_Catholic_Church
3216,Roman_Empire
3217,Roman_Greece
3218,Roman_law
3219,Roman_mythology
3220,Roman_road
3221,Roman_villa
3222,Romania
3223,Romanticism
3224,Rome
3225,Romeo_and_Juliet
3226,Romulus_Augustus
3227,Ronald_Reagan
3228,Rook_%28bird%29
3229,Rosa_Parks
3230,Rose-ringed_Parakeet
3231,Rosemary
3232,Rosetta_Stone
3233,Rotterdam
3234,Rowan_Williams
3235,Royal_Air_Force
3236,Royal_Dutch_Shell
3237,Royal_Geographical_Society
3238,Royal_Marines
3239,Royal_National_Theatre
3240,Royal_Navy
3241,Royal_Parks_of_London
3242,Rubidium
3243,Rubik%27s_Cube
3244,Rudyard_Kipling
3245,Rugby_World_Cup
3246,Rugby_football
3247,Rule_of_St_Benedict
3248,Rupee
3249,Russia
3250,Russian_Revolution_of_1917
3251,Russian_constitutional_crisis_of_1993
3252,Russian_language
3253,Ruthenium
3254,Rutherford_B._Hayes
3255,Rutherfordium
3256,Rwanda
3257,Rwandan_Genocide
3258,S%C3%A3o_Paulo
3259,S%C3%A3o_Tom%C3%A9
3260,S%C3%A3o_Tom%C3%A9_and_Pr%C3%ADncipe
3261,S%C3%B8ren_Kierkegaard
3262,SD26
3263,SR-71_Blackbird
3264,Safflower
3265,Saffron
3266,Sahara
3267,Saint-Pierre_and_Miquelon
3268,Saint_Helena
3269,Saint_Joan_%28play%29
3270,Saint_Kitts_and_Nevis
3271,Saint_Lawrence_Seaway
3272,Saint_Lucia
3273,Saint_Petersburg
3274,Saint_Vincent_and_the_Grenadines
3275,Sakurajima
3276,Saladin
3277,Salford
3278,Salsa_music
3279,Salt
3280,Salt_Lake_City%2C_Utah
3281,Saltasaurus
3282,Salvador_Dal%C3%AD
3283,Samarium
3284,Samoa
3285,Samuel_Beckett
3286,Samuel_Taylor_Coleridge
3287,San_Diegan
3288,San_Diego_Electric_Railway
3289,San_Diego_and_Arizona_Railway
3290,San_Francisco%2C_California
3291,San_Jose%2C_California
3292,San_Marino
3293,Sand
3294,Sand_art_and_play
3295,Sand_shark
3296,Sandringham_House
3297,Sandur
3298,Sandy_Koufax
3299,Sanskrit
3300,Sanssouci
3301,Santa_Claus
3302,Santamar%C3%ADa_%28volcano%29
3303,Santiago%2C_Chile
3304,Santorini
3305,Sarajevo
3306,Sardar_Vallabhbhai_Patel
3307,Sassanid_Empire
3308,Saturn
3309,Saturn_V
3310,Saudi_Arabia
3311,Saurischia
3312,Sauropodomorpha
3313,Sauroposeidon
3314,Saxophone
3315,Scandium
3316,Scattered_disc
3317,Scelidosaurus
3318,Scent_of_a_Woman
3319,Scheme_programming_language
3320,Schizophrenia
3321,Schr%C3%B6dinger_equation
3322,Science
3323,Scientific_classification
3324,Scooby-Doo
3325,Scotland
3326,Scotland_in_the_High_Middle_Ages
3327,Scots_language
3328,Scottish_Episcopal_Church
3329,Scottish_Gaelic_language
3330,Scottish_Highlands
3331,Scottish_mythology
3332,Scouting
3333,Scramble_for_Africa
3334,Screw
3335,Scrooge_McDuck
3336,Sculpture
3337,Scurvy
3338,Sea
3339,Sea_level_rise
3340,Sea_of_Galilee
3341,Seaborgium
3342,Sean_Connery
3343,Season
3344,Seattle%2C_Washington
3345,Seawater
3346,Second_Boer_War
3347,Second_Congo_War
3348,Second_Crusade
3349,Seed
3350,Seinfeld
3351,Selena
3352,Selenium
3353,Semiconductor
3354,Semiconductor_device
3355,Senate_of_Canada
3356,Senegal
3357,Senufo_languages
3358,Seoul
3359,Separation_of_powers_under_the_United_States_Constitution
3360,September_11%2C_2001_attacks
3361,Sequence_alignment
3362,Sequoia
3363,Serbia
3364,Serbia_and_Montenegro
3365,Serenity_%28film%29
3366,Sermon_on_the_Mount
3367,Sesame
3368,Sesame_Street
3369,Set
3370,Severn_crossing
3371,Seychelles
3372,Sgt._Pepper%27s_Lonely_Hearts_Club_Band
3373,Shackleton_%28crater%29
3374,Shaka
3375,Shanghai
3376,Shark
3377,Sharon_Tate
3378,Sheffield
3379,Sheikh_Mujibur_Rahman
3380,Shelduck
3381,Shenzhou_6
3382,Shenzhou_spacecraft
3383,Shetland
3384,Shielded_metal_arc_welding
3385,Shigin
3386,Shining_Path
3387,Shinto
3388,Ship
3389,Shoe_polish
3390,Short-beaked_Echidna
3391,Shoshone_National_Forest
3392,Shrine_of_Remembrance
3393,Shroud_of_Turin
3394,Sichuan_Pepper
3395,Sickle-cell_disease
3396,Siege
3397,Siege_of_Antioch
3398,Sierra_Leone
3399,Sigmund_Freud
3400,Sikhism
3401,Sikkim
3402,Silent_film
3403,Silicon
3404,Silurian
3405,Silver
3406,Sim%C3%B3n_Bol%C3%ADvar
3407,SimCity
3408,Sinclair_Research_Ltd
3409,Singapore
3410,Sino-Roman_relations
3411,Sirius
3412,Sistine_Chapel_ceiling
3413,Sitting_Bull
3414,Six-party_talks_concerning_North_Korea%27s_nuclear_program
3415,Sk%C3%A5neland
3416,Ska
3417,Skiing
3418,Skylark
3419,Slavery
3420,Slavic_mythology
3421,Sleep
3422,Slovakia
3423,Slovenia
3424,Smallpox
3425,Smog
3426,Snow
3427,Snow_Goose
3428,Snowball_Earth
3429,Snowdonia
3430,Snowdonia_National_Park
3431,Snowy_Owl
3432,Social_anxiety
3433,Social_capital
3434,Social_contract_%28Malaysia%29
3435,Socialism
3436,Society
3437,Society_of_Merchant_Venturers
3438,Sociocultural_evolution
3439,Sociology
3440,Socrates
3441,Soddo_language
3442,Sodium
3443,Sodium_hydroxide
3444,Sodium_sulfate
3445,Soil
3446,Soil_moisture
3447,Soil_pH
3448,Soil_profile
3449,Soil_salination
3450,Soil_science
3451,Soil_structure
3452,Soils_retrogression_and_degradation
3453,Solar_System
3454,Solar_eclipse
3455,Solomon_Islands
3456,Somalia
3457,Song_Thrush
3458,Sonic_the_Hedgehog_%28character%29
3459,Sony
3460,Sorghum
3461,Sorrel
3462,Soukous
3463,Sound
3464,Soup
3465,South_Africa
3466,South_America
3467,South_China_Sea
3468,South_Georgia_and_the_South_Sandwich_Islands
3469,South_Korea
3470,South_Ossetia
3471,Southampton
3472,Southern_Africa
3473,Southern_Ocean
3474,Southern_United_States
3475,Soviet_Union
3476,Soybean
3477,Space_Invaders
3478,Space_Race
3479,Space_Shuttle_Challenger
3480,Space_Shuttle_Challenger_disaster
3481,Space_Shuttle_Columbia
3482,Space_Shuttle_Columbia_disaster
3483,Space_Shuttle_Endeavour
3484,Space_Shuttle_program
3485,Space_exploration
3486,Space_station
3487,Space_suit
3488,Spacecraft_propulsion
3489,Spain
3490,Spanish_Armada
3491,Spanish_Inquisition
3492,Spanish_conquest_of_the_Inca_Empire
3493,Spanish_language
3494,Sparrow
3495,Sparrowhawk
3496,Speaker_of_the_British_House_of_Commons
3497,Speaker_of_the_United_States_House_of_Representatives
3498,Special_relativity
3499,Speech_synthesis
3500,Speed_of_light
3501,Sperm_Whale
3502,Sphere
3503,Spherical_aberration
3504,Spider
3505,Spinosaurus
3506,Split_infinitive
3507,Sport
3508,Spring_%28season%29
3509,Spring_Heeled_Jack
3510,Sputnik_1
3511,Sputnik_2
3512,Sputnik_program
3513,Spyware
3514,Squash_%28sport%29
3515,Sri_Lanka
3516,Sri_Lankan_Civil_War
3517,St_Paul%27s_Cathedral
3518,Stag_beetle
3519,Stage_%28theatre%29
3520,Stained_glass
3521,Stanis%C5%82aw_Koniecpolski
3522,Stanley%2C_Falkland_Islands
3523,Stanley_Baldwin
3524,Star
3525,StarCraft
3526,Star_Trek
3527,Star_Trek__Deep_Space_Nine
3528,Star_Trek__The_Original_Series
3529,Star_Wars
3530,Star_Wars_Episode_IV__A_New_Hope
3531,Star_anise
3532,Stargate_SG-1
3533,Starling
3534,Starship_Troopers
3535,Statistics
3536,Statue_of_Zeus_at_Olympia
3537,Steam_engine
3538,Steel
3539,Stefan_Edberg
3540,Stegosaurus
3541,Stem_cell
3542,Stephen_Harper
3543,Stephen_Hawking
3544,Stephen_Jay_Gould
3545,Stephen_of_England
3546,Steve_Davis
3547,Stickleback
3548,Still_Game
3549,Stingray
3550,Stock
3551,Stock_car_%28rail%29
3552,Stockholm
3553,Stoicism
3554,Stone_Age
3555,Stonehenge
3556,Stornoway
3557,Strait_of_Malacca
3558,Stratford-upon-Avon
3559,String_theory
3560,Stroke
3561,Strontium
3562,Stuttering
3563,Stuttgart
3564,Styracosaurus
3565,Sub-Saharan_Africa
3566,Suburbs_of_Johannesburg
3567,Sucre
3568,Sudan
3569,Sudoku
3570,Suez_Canal
3571,Suffrage
3572,Sugar
3573,Sugar_beet
3574,Sugarcane
3575,Suleiman_the_Magnificent
3576,Sulfur
3577,Sulfuric_acid
3578,Sultan
3579,Sumac
3580,Sumatra
3581,Sumer
3582,Summer
3583,Summer_Hill%2C_New_South_Wales
3584,Sumo
3585,Sun
3586,Sun_Tzu
3587,Sun_Yat-sen
3588,Sundew
3589,Sunflower
3590,Sunlight
3591,Sunol_Water_Temple
3592,Sunset_Boulevard_%281950_film%29
3593,Super_14
3594,Super_Bowl_XL
3595,Super_Chief
3596,Super_Mario_64
3597,Super_Mario_Bros.
3598,Superconductivity
3599,Superman
3600,Supermarine_Spitfire
3601,Supply_and_demand
3602,Supply_chain_management
3603,Supreme_Court_of_the_United_States
3604,Suriname
3605,Surtsey
3606,Sutton_Hoo
3607,Svalbard
3608,Svart%C3%A1lfar
3609,Swallow
3610,Swan
3611,Swastika
3612,Swaziland
3613,Sweden
3614,Swift
3615,Swiss_Federal_Council
3616,Switzerland
3617,Sydney
3618,Sydney_Newman
3619,Sylvanus_Morley
3620,Symmetry
3621,Synthesizer
3622,Syria
3623,T-34
3624,T._S._Eliot
3625,TGV
3626,Tacitean_studies
3627,Taipei
3628,Taiwan
3629,Taj_Mahal
3630,Tajikistan
3631,Talc
3632,Tamarind
3633,Tamil_language
3634,Tamil_people
3635,Tank
3636,Tansy
3637,Tantalum
3638,Tanzania
3639,Tao_Te_Ching
3640,Taoism
3641,Tarragon
3642,Tashkent
3643,Tasmanian_Devil
3644,Tawny_Owl
3645,Tay-Sachs_disease
3646,Tay_Rail_Bridge
3647,TeX
3648,Tea
3649,Technetium
3650,Technology
3651,Tehran
3652,Tel_Aviv
3653,Telecommunication
3654,Telephone
3655,Telephone_exchange
3656,Telescope
3657,Television
3658,Tellurium
3659,Temperate
3660,Temple_of_Artemis
3661,Tennis
3662,Tennis_Masters_Cup
3663,Tenzin_Gyatso%2C_14th_Dalai_Lama
3664,Tenzing_Norgay
3665,Terbium
3666,Terik
3667,Tern
3668,Terrorism
3669,Textile
3670,Thailand
3671,Thalassemia
3672,Thallium
3673,The_Absent-Minded_Beggar
3674,The_Adventures_of_Tintin
3675,The_Anarchy
3676,The_Ashes
3677,The_Bahamas
3678,The_Beano
3679,The_Beatles
3680,The_Beatles_discography
3681,The_Blitz
3682,The_Broads
3683,The_Brothers_Karamazov
3684,The_Canadian
3685,The_Cantos
3686,The_Cat_in_the_Hat
3687,The_Championships%2C_Wimbledon
3688,The_Count_of_Monte_Cristo
3689,The_Country_Wife
3690,The_Curious_Incident_of_the_Dog_in_the_Night-time
3691,The_Dandy
3692,The_Fairy-Queen
3693,The_Fens
3694,The_Gambia
3695,The_Godfather
3696,The_Great_Exhibition
3697,The_Hague
3698,The_Hitchhiker%27s_Guide_to_the_Galaxy
3699,The_Hobbit
3700,The_Holocaust
3701,The_Illuminatus%21_Trilogy
3702,The_Iron_Bridge
3703,The_Last_Supper_%28Leonardo%29
3704,The_Legend_of_Zelda_series
3705,The_Lion%2C_the_Witch_and_the_Wardrobe
3706,The_Lion_King
3707,The_Lorax
3708,The_Lord_of_the_Rings
3709,The_Lord_of_the_Rings_film_trilogy
3710,The_Magic_Flute
3711,The_Marriage_of_Figaro
3712,The_Merchant_of_Venice
3713,The_Mismeasure_of_Man
3714,The_Old_Man_and_the_Sea
3715,The_Origin_of_Species
3716,The_Picture_of_Dorian_Gray
3717,The_Pilgrim%27s_Progress
3718,The_Quatermass_Experiment
3719,The_Relapse
3720,The_Rime_of_the_Ancient_Mariner
3721,The_Rite_of_Spring
3722,The_Rolling_Stones
3723,The_Seagull
3724,The_Shawshank_Redemption
3725,The_Simpsons
3726,The_Smiths
3727,The_Supremes
3728,The_Temptations
3729,The_Wall_Street_Journal
3730,The_Waste_Land
3731,The_West_Wing_%28TV_series%29
3732,The_X-Files
3733,Theatre
3734,Theatre_Royal%2C_Drury_Lane
3735,Theatre_in_the_round
3736,Theodore_Roosevelt
3737,Therizinosaurus
3738,Thermodynamic_temperature
3739,Thermodynamics
3740,Theropoda
3741,Thiamine
3742,Third_Servile_War
3743,Thomas_Aquinas
3744,Thomas_Becket
3745,Thomas_Cranmer
3746,Thomas_Edison
3747,Thomas_Gainsborough
3748,Thomas_Hobbes
3749,Thomas_Jefferson
3750,Thomas_Malthus
3751,Thomas_More
3752,Thomas_Pynchon
3753,Thomas_Samuel_Kuhn
3754,Thor
3755,Thorax
3756,Thorium
3757,Thrasybulus
3758,Three_Gorges_Dam
3759,Three_Laws_of_Robotics
3760,Thrush_%28bird%29
3761,Thucydides
3762,Thulium
3763,Thunderstorm
3764,Tiananmen_Square_protests_of_1989
3765,Tibet
3766,Tide
3767,Tiger
3768,Tiger_Woods
3769,Tiger_shark
3770,Tigris
3771,Tijuana
3772,Tiktaalik
3773,Tim_Berners-Lee
3774,Tim_Henman
3775,Timbuktu
3776,Time
3777,Time_zone
3778,Timeline_of_discovery_of_solar_system_planets_and_their_natural_satellites
3779,Timken_1111
3780,Timur
3781,Tin
3782,Tin%28II%29_chloride
3783,Tin_whistle
3784,Titanium
3785,To_Kill_a_Mockingbird
3786,Tobacco
3787,Tobacco_smoking
3788,Tofu
3789,Togo
3790,Tokelau
3791,Tokyo
3792,Toluene
3793,Tom_and_Jerry_%28MGM%29
3794,Tonga
3795,Tony_Blair
3796,Tooth_development
3797,Tooth_enamel
3798,Top_of_the_Pops
3799,Topology
3800,Tornado
3801,Toronto
3802,Tottenham_Hotspur_F.C.
3803,Tour_de_France
3804,Tourette_syndrome
3805,Tourism
3806,Tower_Bridge
3807,Tower_of_London
3808,Toy
3809,Toy_Story
3810,Trade_union
3811,Trafalgar_Square
3812,Train
3813,Trans-Siberian_Railway
3814,Transit_of_Venus
3815,Transport
3816,Trapdoor_spider
3817,Treasure_Island
3818,Treaty_of_Versailles
3819,Tree
3820,Tree_Sparrow
3821,Tree_frog
3822,Trench_warfare
3823,Triassic
3824,Triathlon
3825,Tribe
3826,Triceratops
3827,Trichinosis
3828,Trigonometric_function
3829,Trigonometry
3830,Trimurti
3831,Trinidad_and_Tobago
3832,Trinity
3833,Trinity_College%2C_Cambridge
3834,Trinity_test
3835,Tripitaka
3836,Tripoli
3837,Triumph_of_the_Will
3838,Trojan_War
3839,Troodon
3840,Troop_sleeper
3841,Tropical_Storm_Allison
3842,Tropical_Storm_Ana_%282003%29
3843,Tropical_Storm_Bonnie_%282004%29
3844,Tropical_Storm_Delta_%282005%29
3845,Tropical_Storm_Franklin_%282005%29
3846,Tropical_Storm_Harvey_%282005%29
3847,Tropical_Storm_Henri_%282003%29
3848,Tropical_Storm_Larry_%282003%29
3849,Tropical_Storm_Lee_%282005%29
3850,Tropical_Storm_Leslie_%282000%29
3851,Tropical_Storm_Matthew_%282004%29
3852,Tropical_Storm_Odette_%282003%29
3853,Tropical_Storm_Zeta_%282005%29
3854,Tropical_cyclone
3855,Tropics
3856,Trout
3857,Trumpet
3858,Tsar_Bomba
3859,Tsunami
3860,Tuatara
3861,Tuberculosis
3862,Tufted_Duck
3863,Tuna
3864,Tungsten
3865,Tunis
3866,Tunisia
3867,Tupac_Shakur
3868,Turin
3869,Turkey
3870,Turkey_%28bird%29
3871,Turkish_Republic_of_Northern_Cyprus
3872,Turkish_literature
3873,Turkmenistan
3874,Turks_and_Caicos_Islands
3875,Turmeric
3876,Turquoise
3877,Turtle
3878,Tutsi
3879,Tuvalu
3880,Tycho_Brahe
3881,Typewriter
3882,Typhoon_Ewiniar_%282006%29
3883,Typhoon_Saomai_%282006%29
3884,Tyrannosaurus
3885,U.S._Navy_Marine_Mammal_Program
3886,U.S._Open_%28tennis%29
3887,U.S._Route_66
3888,U.S._state
3889,U2
3890,Ubuntu_%28Linux_distribution%29
3891,Uganda
3892,Ukraine
3893,Ukulele
3894,Ulawun
3895,Ultimatum_game
3896,Ultraviolet
3897,Uluru
3898,Ulysses_S._Grant
3899,Union_Flag
3900,Union_Station_%28San_Diego%29
3901,United_Arab_Emirates
3902,United_Kingdom
3903,United_Kingdom_national_football_team
3904,United_Malays_National_Organisation
3905,United_Nations
3906,United_States
3907,United_States_Bill_of_Rights
3908,United_States_Congress
3909,United_States_Constitution
3910,United_States_Declaration_of_Independence
3911,United_States_House_of_Representatives
3912,United_States_Numbered_Highways
3913,United_States_Senate
3914,United_States_Virgin_Islands
3915,United_States_dollar
3916,Universe
3917,University
3918,University_of_Bristol
3919,University_of_Cambridge
3920,University_of_Chicago
3921,University_of_Texas_at_Austin
3922,Unix
3923,Ununbium
3924,Ununhexium
3925,Ununoctium
3926,Ununpentium
3927,Ununquadium
3928,Ununtrium
3929,Upsilon_Andromedae
3930,Upsilon_Andromedae_b
3931,Upsilon_Andromedae_c
3932,Upsilon_Andromedae_d
3933,Uranium
3934,Uranus
3935,Urial
3936,Uruguay
3937,Utilitarianism
3938,Utrecht_%28city%29
3939,Uzbekistan
3940,Valpara%C3%ADso
3941,Vampire
3942,Vampire_bat
3943,Van_Halen
3944,Vanadium
3945,Vancouver
3946,Vanilla
3947,Vanuatu
3948,Varanasi
3949,Vasco_da_Gama
3950,Vatican_City
3951,Vegetable
3952,Vegetation
3953,Velociraptor
3954,Venezuela
3955,Venn_diagram
3956,Venus
3957,Venus_and_Adonis_%28opera%29
3958,Vertebrate
3959,Vestigial_structure
3960,Vicia_faba
3961,Victor_Hugo
3962,Victoria%2C_Seychelles
3963,Victoria_Cross
3964,Victoria_of_the_United_Kingdom
3965,Video
3966,Vienna
3967,Vietnam
3968,Vietnam_War
3969,Viking
3970,Vinaya
3971,Vincent_van_Gogh
3972,Virgil
3973,Virginian_Railway
3974,Virtuti_Militari
3975,Virus
3976,Visual_arts
3977,Vitamin
3978,Vitamin_C
3979,Vitamin_D
3980,Vitus_Bering
3981,Vivien_Leigh
3982,Vladimir_Lenin
3983,Vodafone
3984,Volcanic_pipe
3985,Volcano
3986,Vole
3987,Volga_River
3988,Volleyball
3989,Volt
3990,Voltaire
3991,Voting
3992,Vowel
3993,Voynich_manuscript
3994,Vulgar_Latin
3995,Vulture
3996,W._Mark_Felt
3997,WTA_Tour_Championships
3998,Wader
3999,Waheguru
4000,Wake_Island
4001,Wales
4002,Wall_Street
4003,Wallaby
4004,Wallis_and_Futuna
4005,Walrus
4006,Walt_Disney
4007,Walt_Whitman
4008,Walter_Raleigh
4009,Walter_Scott
4010,War
4011,War_and_Peace
4012,War_in_Somalia_%282006%E2%80%93present%29
4013,War_of_the_League_of_Cambrai
4014,War_of_the_Spanish_Succession
4015,Ward_Cunningham
4016,Warren_G._Harding
4017,Wars_of_the_Roses
4018,Warsaw
4019,Wasabi
4020,Washington%2C_D.C.
4021,Washington_Metro
4022,Wasp
4023,Waste_management
4024,Watch
4025,Watchmen
4026,Water
4027,Water_Buffalo
4028,Water_polo
4029,Water_purification
4030,Water_resources
4031,Watercolor_painting
4032,Watling_Street
4033,Wave
4034,Wave%E2%80%93particle_duality
4035,Wayne_Rooney
4036,Weapon
4037,Weasel
4038,Weather
4039,Weather_forecasting
4040,Weed
4041,Weight_training
4042,Weimar_Republic
4043,Welding
4044,Wellington
4045,Welsh_law
4046,Wernher_von_Braun
4047,Wessex
4048,West_Bank
4049,West_Flemish
4050,West_Virginia
4051,Western_Front_%28World_War_I%29
4052,Western_Roman_Empire
4053,Western_Sahara
4054,Westminster_Abbey
4055,Westminster_System
4056,Weston-super-Mare
4057,Weymouth
4058,Whale
4059,Whale_shark
4060,Whale_song
4061,Wheat
4062,Where_Did_Our_Love_Go
4063,Whipworm
4064,White%27s_Tree_Frog
4065,White-tailed_Eagle
4066,White_Mountain_art
4067,White_cliffs_of_Dover
4068,Whooping_Crane
4069,Wikimedia_Foundation
4070,Wikinews
4071,Wikipedia
4072,Wikipedia_Text_of_the_GNU_Free_Documentation_License
4073,Wikisource
4074,Wikispecies
4075,Wild_cat
4076,Wildebeest
4077,Willem_Barents
4078,William_Butler_Yeats
4079,William_Edington
4080,William_Ewart_Gladstone
4081,William_Gilbert
4082,William_Gladstone
4083,William_Harvey
4084,William_Henry_Harrison
4085,William_Hogarth
4086,William_Howard_Taft
4087,William_III_of_England
4088,William_II_of_England
4089,William_IV_of_the_United_Kingdom
4090,William_I_of_England
4091,William_Mahone
4092,William_McKinley
4093,William_N._Page
4094,William_Pitt_the_Younger
4095,William_Renshaw
4096,William_Shakespeare
4097,William_Tecumseh_Sherman
4098,William_Thomson%2C_1st_Baron_Kelvin
4099,William_Wilberforce
4100,William_and_Mary
4101,William_the_Silent
4102,Wind
4103,Windows_2000
4104,Windows_Vista
4105,Windows_XP
4106,Windsor_Castle
4107,Wine
4108,Winfield_Scott_Hancock
4109,Winston_Churchill
4110,Winter
4111,Witold_Pilecki
4112,Wolfgang_Amadeus_Mozart
4113,Wolverine
4114,Wombat
4115,Women%27s_rights
4116,Wood
4117,Wood_Pigeon
4118,Wood_fuel
4119,Woodpecker
4120,Woodrow_Wilson
4121,Woodworking
4122,WorkChoices
4123,Work_%28thermodynamics%29
4124,Working_poor
4125,World_Bank_Group
4126,World_Health_Organization
4127,World_Heritage_Site
4128,World_Trade_Organization
4129,World_War_I
4130,World_War_II
4131,World_Wide_Web
4132,Worm
4133,Wren
4134,Wrench
4135,Wrestling
4136,Wright_brothers
4137,Writing
4138,X_Window_System
4139,Xanadu_House
4140,Xenon
4141,Yagan
4142,Yak
4143,Yamoussoukro
4144,Yangtze_River
4145,Yarralumla%2C_Australian_Capital_Territory
4146,Yeast
4147,Yellow_River
4148,Yellow_fever
4149,Yellowstone_National_Park
4150,Yemen
4151,Yenisei_River
4152,Yes_Minister
4153,Yeti
4154,Yom_Kippur_War
4155,York
4156,Yorkshire_Dales
4157,Yotsuya_Kaidan
4158,Ytterbium
4159,Yttrium
4160,Yugoslavia
4161,Yuri_Gagarin
4162,Z%C3%BCrich
4163,ZX_Spectrum
4164,Zachary_Taylor
4165,Zambezi
4166,Zambia
4167,Zebra
4168,Zebra_shark
4169,Zeus
4170,Zhang_Qian
4171,Zheng_He
4172,Ziad_Jarrah
4173,Zimbabwe
4174,Zinc
4175,Zinc_chloride
4176,Zion_National_Park
4177,Zionism
4178,Zirconium
4179,Zoroaster
4180,Zuid-Gelders
4181,Zulu
